order_id,customer_id,customer_email,order_date,order_total,quantity,status,category
ORD-000000,CUST-0012,bob851@gmail.com,2024-04-27 00:00:00,67.29,16,pending,Home
ORD-000001,CUST-0171,eve305@yahoo.com,2024-01-22 00:00:00,13.84,17,returned,Sports
ORD-000002,CUST-0056,diana586@yahoo.com,2024-09-27 00:00:00,16.77,19,cancelled,Food
ORD-000003,CUST-0183,bob516@gmail.com,2024-04-10 00:00:00,46.02,1,pending,Sports
ORD-000004,CUST-0059,grace105@gmail.com,2024-05-27 00:00:00,20.09,7,pending,Clothing
ORD-000005,CUST-0087,,2024-07-04 00:00:00,70.13,10,shipped,Electronics
ORD-000006,CUST-0132,diana339@yahoo.com,2024-09-06 00:00:00,233.38,8,pending,Home
ORD-000007,CUST-0026,,2024-07-19 00:00:00,10.79,11,cancelled,Electronics
ORD-000008,CUST-0111,grace307@yahoo.com,2024-04-26 00:00:00,17.45,8,completed,Clothing
ORD-000009,CUST-0101,hank525@company.com,2024-09-04 00:00:00,72.54,13,returned,Electronics
ORD-000010,CUST-0156,alice633@yahoo.com,2024-02-20 00:00:00,67.16,614,cancelled,Electronics
ORD-000011,CUST-0199,grace650@company.com,2024-03-02 00:00:00,23.87,2,cancelled,Electronics
ORD-000012,CUST-0133,eve902@yahoo.com,2024-12-11 00:00:00,80.05,3,returned,Clothing
ORD-000013,CUST-0082,diana75@company.com,2024-05-18 00:00:00,32.25,14,returned,Clothing
ORD-000014,CUST-0081,bob114@gmail.com,2024-11-01 00:00:00,29.3,5,pending,Clothing
ORD-000015,CUST-0084,grace417@gmail.com,2024-12-08 00:00:00,8.25,974,cancelled,Home
ORD-000016,CUST-0162,frank968@company.com,2024-11-19 00:00:00,16.85,11,pending,Books
ORD-000017,CUST-0064,eve636@gmail.com,2024-09-15 00:00:00,49.57,2,shipped,Food
ORD-000018,CUST-0034,hank346@gmail.com,2024-01-01 00:00:00,124.19,6,pending,Food
ORD-000019,CUST-0067,grace874@gmail.com,2024-07-20 00:00:00,15.69,6,shipped,Food
ORD-000020,CUST-0005,eve984@company.com,2024-07-28 00:00:00,133.84,6,completed,Electronics
ORD-000021,CUST-0022,diana649@gmail.com,2024-09-20 00:00:00,60.59,6,cancelled,Sports
ORD-000022,CUST-0018,alice85@yahoo.com,2024-11-29 00:00:00,29.84,19,shipped,Sports
ORD-000023,CUST-0154,eve238@gmail.com,2024-09-25 00:00:00,19.09,4,completed,Books
ORD-000024,CUST-0144,diana37@gmail.com,2024-09-10 00:00:00,41.84,9,returned,Electronics
ORD-000025,CUST-0139,grace762@company.com,2024-05-05 00:00:00,5.06,15,pending,Electronics
ORD-000026,CUST-0092,hank712@company.com,2024-05-20 00:00:00,6.45,2,completed,Electronics
ORD-000027,CUST-0143,charlie382@company.com,2024-09-09 00:00:00,10.87,14,shipped,Clothing
ORD-000028,CUST-0033,,2024-10-26 00:00:00,10.8,13,cancelled,Food
ORD-000029,CUST-0180,,2024-12-22 00:00:00,17.64,14,returned,Home
ORD-000030,CUST-0100,charlie514@yahoo.com,2024-01-15 00:00:00,148.04,18,returned,Clothing
ORD-000031,CUST-0187,charlie610@outlook.com,2024-03-14 00:00:00,13.03,6,completed,Electronics
ORD-000032,CUST-0031,grace671@company.com,2024-10-16 00:00:00,164.1,14,completed,Books
ORD-000033,CUST-0099,diana901@company.com,2024-06-08 00:00:00,213.29,17,pending,Electronics
ORD-000034,CUST-0139,alice299@yahoo.com,2024-07-20 00:00:00,-23.88,9,returned,Electronics
ORD-000035,CUST-0099,alice865@company.com,2024-11-26 00:00:00,147.94,521,returned,Home
ORD-000036,CUST-0089,grace188@company.com,2024-08-26 00:00:00,18.66,6,pending,Electronics
ORD-000037,CUST-0034,bob533@yahoo.com,2024-08-09 00:00:00,124.47,18,cancelled,Clothing
ORD-000038,CUST-0076,frank997@yahoo.com,2024-06-13 00:00:00,54.83,18,pending,Sports
ORD-000039,CUST-0048,hank187@outlook.com,2024-06-03 00:00:00,28.31,7,shipped,Home
ORD-000040,CUST-0061,hank996@yahoo.com,2024-08-18 00:00:00,66.97,17,shipped,Food
ORD-000041,CUST-0137,eve220@yahoo.com,2024-04-02 00:00:00,12.91,13,completed,Home
ORD-000042,CUST-0126,diana496@company.com,2024-03-04 00:00:00,136.37,19,pending,Home
ORD-000043,CUST-0121,grace554@outlook.com,2024-05-07 00:00:00,,7,pending,Electronics
ORD-000044,CUST-0073,frank18@yahoo.com,2024-06-19 00:00:00,12.11,8,completed,Home
ORD-000045,CUST-0191,charlie886@outlook.com,2024-07-23 00:00:00,11.8,9,cancelled,Food
ORD-000046,CUST-0018,bob958@gmail.com,2024-12-17 00:00:00,66.42,15,pending,Home
ORD-000047,CUST-0069,bob386@yahoo.com,2024-05-19 00:00:00,-16.6,9,returned,Clothing
ORD-000048,CUST-0024,charlie235@outlook.com,2024-12-29 00:00:00,15.04,12,pending,Books
ORD-000049,CUST-0068,bob216@outlook.com,2024-07-10 00:00:00,33.69,7,cancelled,Clothing
ORD-000050,CUST-0192,grace590@outlook.com,2024-11-06 00:00:00,6.34,1,pending,Clothing
ORD-000051,CUST-0073,eve178@gmail.com,2024-09-28 00:00:00,101.77,1,returned,Books
ORD-000052,CUST-0181,bob156@company.com,2024-06-30 00:00:00,9.16,12,shipped,Books
ORD-000053,CUST-0099,frank584@gmail.com,2024-05-28 00:00:00,87.1,13,shipped,Home
ORD-000054,CUST-0140,eve783@outlook.com,2024-05-14 00:00:00,27.31,1,cancelled,Clothing
ORD-000055,CUST-0092,charlie256@outlook.com,2024-07-05 00:00:00,42.22,14,cancelled,Electronics
ORD-000056,CUST-0053,alice814@company.com,2024-05-29 00:00:00,39.5,15,returned,Sports
ORD-000057,CUST-0153,charlie319@gmail.com,2024-04-19 00:00:00,16.15,12,shipped,Sports
ORD-000058,CUST-0193,eve102@yahoo.com,2024-08-01 00:00:00,18.73,17,shipped,Sports
ORD-000059,CUST-0053,charlie140@company.com,2024-03-18 00:00:00,10.5,4,shipped,Clothing
ORD-000060,CUST-0155,charlie36@gmail.com,2024-02-10 00:00:00,73.01,3,shipped,Food
ORD-000061,CUST-0052,frank571@outlook.com,2024-01-16 00:00:00,26.74,8,returned,Books
ORD-000303,CUST-0143,alice66@gmail.com,2024-07-11 00:00:00,35.9,19,cancelled,Home
ORD-000063,CUST-0158,frank851@company.com,2024-01-12 00:00:00,19.05,9,cancelled,Home
ORD-000064,CUST-0090,diana112@gmail.com,2024-06-05 00:00:00,9.58,9,completed,Sports
ORD-000065,CUST-0147,diana976@gmail.com,2024-08-30 00:00:00,81.24,10,cancelled,Home
ORD-000066,CUST-0055,invalid-email-66,2024-06-18 00:00:00,32.27,6,shipped,Electronics
ORD-000555,CUST-0016,invalid-email-67,2024-01-03 00:00:00,57.2,3,pending,Electronics
ORD-000068,CUST-0020,charlie862@outlook.com,2024-06-07 00:00:00,8.25,2,shipped,Books
ORD-000069,CUST-0089,charlie410@company.com,2024-04-05 00:00:00,18.1,6,shipped,Home
ORD-000070,CUST-0180,grace431@yahoo.com,2024-03-27 00:00:00,14.9,10,cancelled,Clothing
ORD-000071,CUST-0026,diana597@company.com,2024-01-10 00:00:00,61.85,1,completed,Home
ORD-000072,CUST-0091,grace242@company.com,2024-07-16 00:00:00,28.36,12,returned,Clothing
ORD-000073,CUST-0141,hank247@outlook.com,2024-06-15 00:00:00,43.25,12,pending,Food
ORD-000074,CUST-0041,bob929@yahoo.com,2024-06-08 00:00:00,28.95,13,pending,Sports
ORD-000075,CUST-0144,diana603@gmail.com,2024-04-03 00:00:00,175.16,11,completed,Clothing
ORD-000076,CUST-0061,invalid-email-76,2024-01-21 00:00:00,8.27,11,shipped,Food
ORD-000077,CUST-0161,diana815@yahoo.com,2024-12-12 00:00:00,155.47,9,returned,Sports
ORD-000078,CUST-0116,alice32@gmail.com,2024-05-23 00:00:00,94.28,6,returned,Electronics
ORD-000079,CUST-0109,,2024-12-02 00:00:00,57.34,11,returned,Home
ORD-000080,CUST-0036,bob590@gmail.com,2024-08-07 00:00:00,-47.18,13,cancelled,Food
ORD-000081,CUST-0093,frank457@gmail.com,2024-11-07 00:00:00,100.91,3,shipped,Books
ORD-000214,CUST-0171,diana163@company.com,2024-06-08 00:00:00,15.74,5,pending,Home
ORD-000083,CUST-0004,hank556@yahoo.com,2024-01-26 00:00:00,21.26,9,pending,Sports
ORD-000804,CUST-0151,charlie454@outlook.com,2024-10-27 00:00:00,26.12,19,shipped,Home
ORD-000085,CUST-0099,diana149@outlook.com,2024-01-01 00:00:00,40.48,10,pending,Books
ORD-000086,CUST-0144,grace318@yahoo.com,2024-06-09 00:00:00,89.22,9,cancelled,Sports
ORD-000087,CUST-0132,,2024-07-17 00:00:00,39.38,7,returned,Sports
ORD-000088,CUST-0086,,2024-07-04 00:00:00,44.84,16,pending,Books
ORD-000089,CUST-0062,grace701@outlook.com,2024-08-27 00:00:00,230.39,13,cancelled,Home
ORD-000233,CUST-0125,hank166@gmail.com,2024-11-28 00:00:00,32.65,19,returned,Books
ORD-000091,CUST-0028,bob124@gmail.com,2024-01-02 00:00:00,6.82,13,shipped,Clothing
ORD-000092,CUST-0117,grace889@company.com,2024-07-16 00:00:00,16.65,4,shipped,Electronics
ORD-000093,CUST-0019,bob61@yahoo.com,2024-07-26 00:00:00,44.46,16,cancelled,Books
ORD-000094,CUST-0130,,2024-10-23 00:00:00,16.32,5,cancelled,Sports
ORD-000095,CUST-0126,hank553@yahoo.com,2024-03-12 00:00:00,36.35,18,cancelled,Clothing
ORD-000096,CUST-0017,grace992@yahoo.com,2024-11-25 00:00:00,137.2,5,pending,Electronics
ORD-000097,CUST-0151,eve415@outlook.com,2024-01-17 00:00:00,391.7,8,shipped,Books
ORD-000098,CUST-0083,diana536@gmail.com,2024-11-27 00:00:00,,9,pending,Electronics
ORD-000099,CUST-0157,hank132@gmail.com,2024-04-15 00:00:00,149.82,9,pending,Home
ORD-000100,CUST-0009,invalid-email-100,2024-05-06 00:00:00,13.36,12,returned,Sports
ORD-000101,CUST-0036,bob156@yahoo.com,2024-09-25 00:00:00,53.99,18,cancelled,Books
ORD-000102,CUST-0099,charlie231@outlook.com,2024-12-09 00:00:00,66.47,19,pending,Sports
ORD-000103,CUST-0038,hank525@outlook.com,2027-05-09 13:41:07,35.29,10,returned,Clothing
ORD-000104,CUST-0066,diana396@outlook.com,2024-11-01 00:00:00,143.68,9,completed,Clothing
ORD-000105,CUST-0132,alice717@yahoo.com,2024-09-22 00:00:00,168.62,3,returned,Electronics
ORD-000106,CUST-0029,invalid-email-106,2024-12-09 00:00:00,26.01,14,completed,Clothing
ORD-000107,CUST-0135,grace358@company.com,2024-09-09 00:00:00,18.54,9,completed,Food
ORD-000108,CUST-0021,hank520@company.com,2024-10-15 00:00:00,60.42,3,completed,Clothing
ORD-000109,CUST-0035,grace160@outlook.com,2024-02-02 00:00:00,9.29,16,completed,Books
ORD-000110,CUST-0117,charlie682@yahoo.com,2024-11-16 00:00:00,147.79,16,cancelled,Sports
ORD-000111,CUST-0158,eve919@yahoo.com,2024-06-05 00:00:00,14.92,9,pending,Food
ORD-000112,CUST-0034,alice858@gmail.com,2024-08-30 00:00:00,51.52,16,pending,Electronics
ORD-000113,CUST-0060,frank644@gmail.com,2024-03-14 00:00:00,26.65,1,completed,Clothing
ORD-000114,CUST-0185,alice877@outlook.com,2024-03-14 00:00:00,76.65,13,pending,Sports
ORD-000115,CUST-0197,charlie533@gmail.com,2024-04-17 00:00:00,37.79,4,completed,Home
ORD-000116,CUST-0116,bob782@yahoo.com,2024-04-03 00:00:00,86.32,9,pending,Books
ORD-000117,CUST-0089,bob860@gmail.com,2024-05-18 00:00:00,65.18,2,returned,Clothing
ORD-000118,CUST-0070,,2024-11-30 00:00:00,9.59,15,cancelled,Clothing
ORD-000119,CUST-0122,bob210@yahoo.com,2024-11-05 00:00:00,-145.17,8,shipped,Clothing
ORD-000120,CUST-0118,alice978@gmail.com,2024-05-12 00:00:00,20.66,4,completed,Sports
ORD-000121,CUST-0059,grace626@company.com,2024-09-17 00:00:00,31.28,11,returned,Books
ORD-000122,CUST-0005,eve319@yahoo.com,2024-10-20 00:00:00,97.78,6,returned,Food
ORD-000123,CUST-0031,frank575@yahoo.com,2024-05-30 00:00:00,271.14,7,cancelled,Food
ORD-000034,CUST-0191,eve934@outlook.com,2024-01-21 00:00:00,5.03,18,cancelled,Books
ORD-000125,CUST-0084,charlie768@company.com,2024-03-29 00:00:00,91.94,18,completed,Sports
ORD-000126,CUST-0096,hank131@company.com,2024-02-04 00:00:00,5.35,13,completed,Electronics
ORD-000127,CUST-0093,bob726@gmail.com,2024-04-08 00:00:00,-221.45,3,returned,Food
ORD-000128,CUST-0156,hank244@gmail.com,2024-11-17 00:00:00,101.35,18,returned,Food
ORD-000129,CUST-0013,bob478@yahoo.com,2024-05-09 00:00:00,39.23,13,cancelled,Books
ORD-000130,CUST-0017,eve202@yahoo.com,2024-09-30 00:00:00,103.39,16,completed,Sports
ORD-000131,CUST-0055,frank128@gmail.com,2024-09-07 00:00:00,29.95,4,completed,Sports
ORD-000132,CUST-0097,diana46@company.com,2024-04-17 00:00:00,73.53,12,returned,Clothing
ORD-000133,CUST-0134,eve882@yahoo.com,2024-12-10 00:00:00,58.42,4,shipped,Sports
ORD-000134,CUST-0098,hank111@company.com,2024-11-10 00:00:00,234.82,2,returned,Clothing
ORD-000135,CUST-0088,alice772@company.com,2024-08-02 00:00:00,16.54,14,shipped,Home
ORD-000136,CUST-0187,bob900@yahoo.com,2024-10-21 00:00:00,22.82,1,completed,Sports
ORD-000137,CUST-0033,eve410@gmail.com,2024-07-21 00:00:00,5.19,14,returned,Books
ORD-000138,CUST-0114,bob138@yahoo.com,2024-05-05 00:00:00,61.16,1,cancelled,Clothing
ORD-000139,CUST-0108,eve742@company.com,2024-08-28 00:00:00,112.06,19,pending,Home
ORD-000140,CUST-0095,diana616@company.com,2024-09-15 00:00:00,,1,INVALID_STATUS,Electronics
ORD-000141,CUST-0161,diana107@company.com,2024-08-24 00:00:00,24.96,10,completed,Electronics
ORD-000142,CUST-0054,hank851@company.com,2024-06-06 00:00:00,36.62,17,returned,Electronics
ORD-000143,CUST-0190,alice834@gmail.com,2024-04-02 00:00:00,52.56,10,pending,Clothing
ORD-000144,CUST-0066,grace405@company.com,2024-12-02 00:00:00,125.98,5,pending,Sports
ORD-000145,CUST-0109,alice408@gmail.com,2024-10-15 00:00:00,82.47,8,pending,Clothing
ORD-000146,CUST-0104,frank121@yahoo.com,2024-07-29 00:00:00,72.05,12,INVALID_STATUS,Electronics
ORD-000147,CUST-0170,eve617@yahoo.com,2024-03-08 00:00:00,57.43,12,returned,Sports
ORD-000148,CUST-0088,hank180@outlook.com,2024-05-11 00:00:00,13.21,15,shipped,Home
ORD-000149,CUST-0057,alice134@gmail.com,2024-02-02 00:00:00,38.27,12,shipped,Electronics
ORD-000150,CUST-0005,bob850@yahoo.com,2024-06-08 00:00:00,-10.66,9,shipped,Books
ORD-000151,CUST-0073,alice333@company.com,2024-05-03 00:00:00,9.29,9,cancelled,Sports
ORD-000152,CUST-0165,charlie245@outlook.com,2024-05-03 00:00:00,27.09,9,completed,Clothing
ORD-000153,CUST-0002,charlie328@gmail.com,2024-09-27 00:00:00,29.23,9,shipped,Clothing
ORD-000154,CUST-0179,eve517@company.com,2024-05-26 00:00:00,133.27,6,INVALID_STATUS,Books
ORD-000155,CUST-0109,alice361@company.com,2024-04-08 00:00:00,40.89,9,cancelled,Food
ORD-000156,CUST-0028,diana132@yahoo.com,2024-09-03 00:00:00,22.46,12,returned,Clothing
ORD-000157,CUST-0061,bob147@company.com,2024-02-09 00:00:00,39.01,14,pending,Books
ORD-000158,CUST-0111,grace164@yahoo.com,2024-12-01 00:00:00,13.53,2,pending,Electronics
ORD-000159,CUST-0063,diana380@yahoo.com,2024-04-14 00:00:00,22.21,17,shipped,Electronics
ORD-000160,CUST-0022,charlie119@outlook.com,2024-04-03 00:00:00,72.81,17,completed,Clothing
ORD-000161,CUST-0133,alice970@yahoo.com,2024-07-18 00:00:00,15.84,13,completed,Sports
ORD-000162,CUST-0134,frank400@outlook.com,2024-11-28 00:00:00,14.15,10,completed,Food
ORD-000668,CUST-0024,diana816@company.com,2024-06-25 00:00:00,46.58,10,cancelled,Clothing
ORD-000164,CUST-0056,charlie741@gmail.com,2024-04-24 00:00:00,30.07,12,cancelled,Electronics
ORD-000165,CUST-0049,grace559@gmail.com,2024-03-12 00:00:00,15.58,18,cancelled,Sports
ORD-000166,CUST-0132,hank51@yahoo.com,2024-01-18 00:00:00,70.57,15,returned,Books
ORD-000167,CUST-0146,diana637@outlook.com,2024-09-27 00:00:00,22.56,6,cancelled,Electronics
ORD-000168,CUST-0145,frank793@company.com,2024-09-12 00:00:00,59.76,8,completed,Books
ORD-000169,CUST-0187,diana753@yahoo.com,2024-02-16 00:00:00,52.54,18,completed,Food
ORD-000170,CUST-0153,alice3@yahoo.com,2024-09-30 00:00:00,17.37,11,pending,Food
ORD-000171,CUST-0064,grace797@company.com,2024-06-18 00:00:00,27.49,7,completed,Home
ORD-000172,CUST-0022,eve129@gmail.com,2024-11-03 00:00:00,61.32,9,cancelled,Sports
ORD-000173,CUST-0123,eve647@company.com,2024-08-02 00:00:00,51.62,3,cancelled,Electronics
ORD-000174,CUST-0183,grace319@company.com,2024-12-27 00:00:00,50.41,12,shipped,Books
ORD-000175,CUST-0195,alice73@gmail.com,2024-01-16 00:00:00,5.06,9,returned,Books
ORD-000176,CUST-0046,eve472@yahoo.com,2024-06-17 00:00:00,49.57,3,completed,Books
ORD-000992,CUST-0048,eve985@gmail.com,2024-07-16 00:00:00,19.33,14,returned,Clothing
ORD-000178,CUST-0008,bob845@outlook.com,2024-01-18 00:00:00,64.16,6,completed,Clothing
ORD-000179,CUST-0029,frank278@company.com,2024-10-10 00:00:00,7.46,19,pending,Food
ORD-000180,CUST-0111,grace990@gmail.com,2024-02-16 00:00:00,10.91,13,pending,Home
ORD-000181,CUST-0109,grace714@yahoo.com,2024-04-09 00:00:00,34.22,4,returned,Food
ORD-000182,CUST-0074,eve366@gmail.com,2024-09-26 00:00:00,115.06,5,cancelled,Home
ORD-000183,CUST-0062,grace589@gmail.com,2024-09-15 00:00:00,11.74,6,shipped,Food
ORD-000184,CUST-0166,diana508@company.com,2024-10-16 00:00:00,119.55,3,completed,Books
ORD-000185,CUST-0092,grace696@gmail.com,2024-04-18 00:00:00,10.01,17,completed,Clothing
ORD-000186,CUST-0161,frank408@company.com,2024-06-21 00:00:00,85.73,12,shipped,Food
ORD-000187,CUST-0192,,2024-08-28 00:00:00,7.88,4,returned,Sports
ORD-000188,CUST-0064,eve655@outlook.com,2024-06-03 00:00:00,13.2,3,returned,Food
ORD-000189,CUST-0041,frank163@outlook.com,2024-02-07 00:00:00,19.91,3,completed,Sports
ORD-000190,CUST-0190,eve777@yahoo.com,2024-10-13 00:00:00,34.19,8,pending,Books
ORD-000191,CUST-0127,diana870@outlook.com,2024-08-27 00:00:00,23.54,3,shipped,Clothing
ORD-000192,CUST-0058,grace275@yahoo.com,2024-10-06 00:00:00,28.55,4,completed,Food
ORD-000139,CUST-0124,eve741@outlook.com,2024-12-15 00:00:00,7.1,3,pending,Sports
ORD-000194,CUST-0103,alice203@company.com,2024-09-13 00:00:00,88.65,9,returned,Clothing
ORD-000195,CUST-0181,eve745@yahoo.com,2024-08-15 00:00:00,29.44,16,pending,Home
ORD-000196,CUST-0051,grace255@company.com,2024-07-01 00:00:00,90.12,11,cancelled,Books
ORD-000197,CUST-0198,invalid-email-197,2024-12-14 00:00:00,128.03,16,completed,Food
ORD-000198,CUST-0187,hank685@yahoo.com,2024-12-13 00:00:00,188.61,3,shipped,Food
ORD-000199,CUST-0036,hank362@yahoo.com,2024-10-29 00:00:00,21.67,1,pending,Books
ORD-000200,CUST-0033,bob444@company.com,2024-12-10 00:00:00,51.98,3,returned,Clothing
ORD-000201,CUST-0107,frank704@gmail.com,2024-12-25 00:00:00,42.99,14,pending,Clothing
ORD-000202,CUST-0009,diana489@company.com,2024-06-06 00:00:00,27.35,9,returned,Food
ORD-000203,CUST-0060,diana953@yahoo.com,2024-11-14 00:00:00,11.19,13,cancelled,Electronics
ORD-000204,CUST-0087,charlie923@gmail.com,2024-09-19 00:00:00,10.52,8,returned,Food
ORD-000205,CUST-0193,alice233@yahoo.com,2024-11-18 00:00:00,71.4,15,shipped,Sports
ORD-000206,CUST-0198,hank762@gmail.com,2024-04-23 00:00:00,6.99,10,cancelled,Home
ORD-000207,CUST-0031,hank633@outlook.com,2024-06-05 00:00:00,23.89,11,pending,Sports
ORD-000208,CUST-0178,diana289@outlook.com,2024-11-07 00:00:00,9.42,7,completed,Electronics
ORD-000209,CUST-0019,hank657@outlook.com,2024-10-23 00:00:00,38.62,4,returned,Clothing
ORD-000210,CUST-0149,invalid-email-210,2024-01-30 00:00:00,129.56,3,shipped,Sports
ORD-000211,CUST-0169,alice454@gmail.com,2024-03-11 00:00:00,73.85,7,completed,Books
ORD-000212,CUST-0178,grace796@yahoo.com,2024-03-21 00:00:00,10.01,8,completed,Sports
ORD-000213,CUST-0045,charlie116@outlook.com,2024-01-02 00:00:00,19.98,15,cancelled,Clothing
ORD-000214,CUST-0178,alice390@yahoo.com,2024-01-27 00:00:00,106.88,6,pending,Food
ORD-000215,CUST-0024,bob401@outlook.com,2024-07-22 00:00:00,72.26,3,completed,Sports
ORD-000216,CUST-0104,charlie619@outlook.com,2024-04-04 00:00:00,77.78,18,shipped,Electronics
ORD-000217,CUST-0094,frank588@outlook.com,2024-08-15 00:00:00,35.69,3,returned,Home
ORD-000218,CUST-0063,grace790@outlook.com,2024-10-09 00:00:00,10.85,7,returned,Clothing
ORD-000219,CUST-0005,charlie710@outlook.com,2024-03-24 00:00:00,21.06,3,returned,Books
ORD-000220,CUST-0154,hank831@company.com,2024-12-21 00:00:00,35.07,13,cancelled,Food
ORD-000221,CUST-0067,diana295@company.com,2024-03-02 00:00:00,72.59,8,shipped,Electronics
ORD-000222,CUST-0132,hank685@yahoo.com,2024-03-17 00:00:00,49.64,17,completed,Clothing
ORD-000079,CUST-0082,eve106@outlook.com,2024-07-06 00:00:00,26.46,17,shipped,Books
ORD-000224,CUST-0075,bob96@company.com,2024-09-26 00:00:00,41.8,14,cancelled,Books
ORD-000225,CUST-0177,diana178@company.com,2024-12-06 00:00:00,49.43,18,cancelled,Clothing
ORD-000226,CUST-0019,frank424@company.com,2024-06-12 00:00:00,18.48,17,pending,Food
ORD-000227,CUST-0147,bob680@yahoo.com,2024-11-26 00:00:00,31.09,5,shipped,Electronics
ORD-000228,CUST-0149,charlie831@yahoo.com,2024-04-13 00:00:00,5.9,10,returned,Food
ORD-000229,CUST-0076,grace714@yahoo.com,2024-11-19 00:00:00,69.46,9,cancelled,Food
ORD-000230,CUST-0053,diana800@gmail.com,2024-10-24 00:00:00,35.18,3,cancelled,Food
ORD-000231,CUST-0002,grace914@outlook.com,2024-09-04 00:00:00,236.7,6,pending,Food
ORD-000232,CUST-0187,frank96@outlook.com,2024-06-01 00:00:00,123.07,9,returned,Books
ORD-000233,CUST-0189,grace227@gmail.com,2024-02-08 00:00:00,132.27,6,cancelled,Home
ORD-000234,CUST-0048,diana1@outlook.com,2024-04-14 00:00:00,75.56,15,completed,Electronics
ORD-000235,CUST-0007,grace746@gmail.com,2024-04-04 00:00:00,80.19,9,returned,Books
ORD-000236,CUST-0025,grace822@outlook.com,2024-06-27 00:00:00,29.17,2,shipped,Clothing
ORD-000237,CUST-0014,alice553@company.com,2024-02-28 00:00:00,21.12,14,pending,Clothing
ORD-000238,CUST-0166,eve538@outlook.com,2024-07-29 00:00:00,34.41,7,completed,Food
ORD-000239,CUST-0178,grace587@yahoo.com,2024-11-05 00:00:00,82.54,14,completed,Electronics
ORD-000240,CUST-0031,hank257@yahoo.com,2024-05-20 00:00:00,7.13,8,shipped,Books
ORD-000241,CUST-0149,eve309@outlook.com,2024-08-20 00:00:00,8.95,17,pending,Books
ORD-000242,CUST-0036,hank368@gmail.com,2024-09-17 00:00:00,97.5,12,cancelled,Electronics
ORD-000243,CUST-0074,grace759@company.com,2024-01-06 00:00:00,26.82,19,pending,Food
ORD-000244,CUST-0120,grace86@yahoo.com,2024-10-24 00:00:00,63.7,2,cancelled,Electronics
ORD-000245,CUST-0144,hank698@yahoo.com,2024-11-02 00:00:00,29.2,12,shipped,Electronics
ORD-000246,CUST-0175,alice989@outlook.com,2024-05-23 00:00:00,17.22,11,shipped,Home
ORD-000247,CUST-0009,alice184@gmail.com,2024-06-11 00:00:00,45.32,3,completed,Home
ORD-000248,CUST-0040,grace874@yahoo.com,2024-06-14 00:00:00,48.26,5,completed,Food
ORD-000249,CUST-0056,hank473@yahoo.com,2024-12-04 00:00:00,48.04,9,completed,Home
ORD-000250,CUST-0062,alice655@company.com,2024-10-02 00:00:00,28.37,14,shipped,Clothing
ORD-000251,CUST-0199,,2024-03-14 00:00:00,42.53,15,cancelled,Home
ORD-000252,CUST-0155,diana827@outlook.com,2024-11-04 00:00:00,48.28,16,shipped,Home
ORD-000253,CUST-0064,frank372@company.com,2024-08-31 00:00:00,35.32,14,shipped,Home
ORD-000254,CUST-0194,grace486@company.com,2024-10-24 00:00:00,33.9,18,completed,Books
ORD-000255,CUST-0100,grace348@company.com,2024-12-10 00:00:00,47.14,5,pending,Sports
ORD-000256,CUST-0100,bob561@outlook.com,2024-07-10 00:00:00,34.6,6,completed,Home
ORD-000257,CUST-0087,alice450@gmail.com,2024-01-21 00:00:00,46.26,19,pending,Electronics
ORD-000258,CUST-0029,invalid-email-258,2024-06-29 00:00:00,15.29,7,cancelled,Home
ORD-000259,CUST-0186,bob597@gmail.com,2024-06-23 00:00:00,15.0,17,cancelled,Sports
ORD-000260,CUST-0003,alice893@yahoo.com,2024-12-29 00:00:00,24.29,2,returned,Food
ORD-000261,CUST-0035,diana829@gmail.com,2024-07-23 00:00:00,11.12,1,returned,Food
ORD-000262,CUST-0046,charlie476@yahoo.com,2024-05-26 00:00:00,53.88,4,returned,Clothing
ORD-000263,CUST-0056,charlie463@outlook.com,2024-01-10 00:00:00,27.43,8,cancelled,Clothing
ORD-000264,CUST-0027,bob196@yahoo.com,2024-05-30 00:00:00,15.41,2,completed,Home
ORD-000265,CUST-0004,hank105@company.com,2024-07-18 00:00:00,-33.56,7,completed,Electronics
ORD-000266,CUST-0135,frank422@yahoo.com,2024-02-24 00:00:00,6.66,18,completed,Electronics
ORD-000267,CUST-0193,bob344@yahoo.com,2024-08-02 00:00:00,36.98,15,shipped,Books
ORD-000268,CUST-0025,eve361@gmail.com,2024-02-01 00:00:00,68.12,5,returned,Electronics
ORD-000269,CUST-0060,alice418@company.com,2027-04-23 13:41:07,65.77,1,completed,Books
ORD-000270,CUST-0101,grace205@outlook.com,2024-03-28 00:00:00,16.46,15,returned,Books
ORD-000271,CUST-0185,diana51@gmail.com,2024-03-06 00:00:00,86.26,15,returned,Electronics
ORD-000272,CUST-0139,diana116@gmail.com,2024-09-16 00:00:00,42.81,4,shipped,Electronics
ORD-000664,CUST-0153,eve104@gmail.com,2024-08-27 00:00:00,21.43,15,cancelled,Books
ORD-000274,CUST-0116,alice819@company.com,2024-03-12 00:00:00,81.64,13,completed,Clothing
ORD-000275,CUST-0083,grace63@company.com,2024-02-06 00:00:00,141.51,14,shipped,Home
ORD-000276,CUST-0040,bob324@company.com,2024-05-30 00:00:00,31.27,7,cancelled,Clothing
ORD-000277,CUST-0172,alice800@outlook.com,2024-09-19 00:00:00,47.37,6,cancelled,Food
ORD-000278,CUST-0161,hank977@gmail.com,2024-05-21 00:00:00,85.85,7,completed,Electronics
ORD-000279,CUST-0005,grace804@company.com,2024-11-11 00:00:00,19.56,1,returned,Sports
ORD-000280,CUST-0143,hank397@yahoo.com,2024-08-03 00:00:00,13.35,3,pending,Electronics
ORD-000281,CUST-0017,grace980@yahoo.com,2024-02-22 00:00:00,64.79,19,returned,Books
ORD-000282,CUST-0148,eve104@outlook.com,2027-06-01 13:41:07,51.52,1,returned,Sports
ORD-000283,CUST-0165,hank439@outlook.com,2024-11-12 00:00:00,68.02,10,pending,Sports
ORD-000284,CUST-0027,eve431@company.com,2024-01-17 00:00:00,61.7,9,cancelled,Home
ORD-000285,CUST-0087,diana772@gmail.com,2024-06-28 00:00:00,27.51,19,pending,Food
ORD-000286,CUST-0025,eve329@outlook.com,2024-07-26 00:00:00,19.22,10,pending,Electronics
ORD-000287,CUST-0113,diana350@outlook.com,2024-03-03 00:00:00,14.81,9,shipped,Home
ORD-000288,CUST-0185,grace554@company.com,2024-11-18 00:00:00,24.33,18,shipped,Food
ORD-000289,CUST-0017,alice306@outlook.com,2024-06-16 00:00:00,25.41,12,shipped,Clothing
ORD-000290,CUST-0080,frank166@yahoo.com,2024-09-05 00:00:00,65.06,6,cancelled,Sports
ORD-000291,CUST-0194,hank757@yahoo.com,2024-09-18 00:00:00,58.64,17,pending,Home
ORD-000292,CUST-0060,frank755@company.com,2024-06-29 00:00:00,74.07,14,completed,Clothing
ORD-000293,CUST-0027,frank105@company.com,2024-09-09 00:00:00,43.6,10,pending,Electronics
ORD-000294,CUST-0098,eve668@gmail.com,2024-12-13 00:00:00,33.89,19,cancelled,Electronics
ORD-000295,CUST-0102,invalid-email-295,2024-11-27 00:00:00,26.83,1,shipped,Books
ORD-000296,CUST-0132,diana578@outlook.com,2024-01-04 00:00:00,40.02,18,cancelled,Clothing
ORD-000297,CUST-0063,hank84@yahoo.com,2024-08-02 00:00:00,28.37,6,shipped,Clothing
ORD-000298,CUST-0191,hank27@outlook.com,2024-11-21 00:00:00,8.67,2,cancelled,Home
ORD-000299,CUST-0104,hank452@gmail.com,2024-09-16 00:00:00,23.89,16,completed,Food
ORD-000300,CUST-0058,bob6@company.com,2024-02-27 00:00:00,14.22,3,shipped,Sports
ORD-000301,CUST-0192,diana850@outlook.com,2024-03-26 00:00:00,58.4,8,shipped,Food
ORD-000302,CUST-0185,diana564@company.com,2024-06-09 00:00:00,15.93,12,pending,Food
ORD-000303,CUST-0100,frank215@outlook.com,2024-12-08 00:00:00,63.76,17,cancelled,Sports
ORD-000304,CUST-0005,frank536@outlook.com,2024-06-11 00:00:00,-22.84,9,returned,Books
ORD-000305,CUST-0119,frank930@company.com,2024-05-30 00:00:00,65.93,7,returned,Food
ORD-000306,CUST-0111,hank594@company.com,2024-01-11 00:00:00,57.06,12,pending,Books
ORD-000307,CUST-0030,eve505@company.com,2024-06-03 00:00:00,11.74,9,cancelled,Books
ORD-000308,CUST-0127,diana481@gmail.com,2024-05-15 00:00:00,69.01,15,completed,Clothing
ORD-000309,CUST-0168,diana934@company.com,2024-06-12 00:00:00,70.6,10,pending,Electronics
ORD-000310,CUST-0022,bob370@yahoo.com,2024-10-01 00:00:00,133.07,6,shipped,Electronics
ORD-000311,CUST-0144,diana69@yahoo.com,2024-01-04 00:00:00,91.74,14,completed,Home
ORD-000312,CUST-0028,invalid-email-312,2024-08-19 00:00:00,6.11,6,cancelled,Sports
ORD-000313,CUST-0150,eve506@gmail.com,2024-12-27 00:00:00,46.26,12,shipped,Sports
ORD-000314,CUST-0084,diana463@company.com,2024-04-23 00:00:00,12.56,4,returned,Home
ORD-000315,CUST-0002,diana789@company.com,2024-01-29 00:00:00,8.47,9,cancelled,Clothing
ORD-000316,CUST-0193,charlie618@company.com,2024-07-15 00:00:00,25.67,1,shipped,Electronics
ORD-000317,CUST-0034,alice447@yahoo.com,2024-10-25 00:00:00,8.98,19,cancelled,Books
ORD-000318,CUST-0119,eve140@gmail.com,2024-07-29 00:00:00,85.17,12,shipped,Electronics
ORD-000319,CUST-0037,alice199@company.com,2024-06-17 00:00:00,41.67,15,cancelled,Home
ORD-000320,CUST-0186,charlie405@outlook.com,2024-09-26 00:00:00,43.45,628,returned,Electronics
ORD-000321,CUST-0147,bob989@gmail.com,2024-01-24 00:00:00,48.57,1,pending,Books
ORD-000322,CUST-0161,eve870@outlook.com,2024-06-09 00:00:00,38.31,19,shipped,Food
ORD-000323,CUST-0086,hank205@outlook.com,2024-01-17 00:00:00,46.06,13,shipped,Food
ORD-000324,CUST-0094,frank534@yahoo.com,2024-10-31 00:00:00,138.18,5,returned,Sports
ORD-000325,CUST-0127,alice545@company.com,2024-07-12 00:00:00,92.03,6,pending,Home
ORD-000326,CUST-0157,hank302@gmail.com,2024-10-14 00:00:00,57.8,16,cancelled,Clothing
ORD-000327,CUST-0169,bob910@outlook.com,2024-03-13 00:00:00,9.75,15,shipped,Electronics
ORD-000328,CUST-0004,hank118@gmail.com,2024-01-14 00:00:00,77.88,5,pending,Electronics
ORD-000329,CUST-0133,alice70@yahoo.com,2024-09-21 00:00:00,44.71,2,cancelled,Clothing
ORD-000330,CUST-0022,charlie914@company.com,2024-10-05 00:00:00,15.37,8,shipped,Clothing
ORD-000331,CUST-0058,bob172@yahoo.com,2024-04-04 00:00:00,54.87,19,shipped,Food
ORD-000332,CUST-0166,bob967@outlook.com,2024-05-12 00:00:00,54.72,6,cancelled,Books
ORD-000333,CUST-0050,diana200@outlook.com,2024-08-07 00:00:00,72.55,2,returned,Electronics
ORD-000334,CUST-0159,hank95@outlook.com,2024-11-27 00:00:00,80.38,3,pending,Home
ORD-000335,CUST-0093,eve618@outlook.com,2024-12-11 00:00:00,15.34,11,shipped,Electronics
ORD-000336,CUST-0047,eve841@gmail.com,2024-09-26 00:00:00,208.56,3,cancelled,Books
ORD-000337,CUST-0067,bob388@yahoo.com,2024-12-08 00:00:00,23.31,8,shipped,Home
ORD-000338,CUST-0106,diana543@company.com,2024-03-27 00:00:00,21.61,5,cancelled,Home
ORD-000339,CUST-0153,bob456@yahoo.com,2024-05-24 00:00:00,60.75,4,shipped,Home
ORD-000340,CUST-0121,diana456@yahoo.com,2024-12-10 00:00:00,58.41,19,completed,Food
ORD-000341,CUST-0186,bob723@yahoo.com,2024-07-30 00:00:00,41.1,4,returned,Books
ORD-000342,CUST-0173,alice78@outlook.com,2024-12-08 00:00:00,21.35,17,pending,Electronics
ORD-000343,CUST-0150,hank87@outlook.com,2024-12-10 00:00:00,199.79,12,returned,Food
ORD-000344,CUST-0121,eve36@gmail.com,2024-10-11 00:00:00,21.91,507,returned,Sports
ORD-000345,CUST-0058,diana383@company.com,2024-09-11 00:00:00,43.07,9,pending,Home
ORD-000346,CUST-0083,eve515@outlook.com,2024-12-04 00:00:00,21.58,4,returned,Clothing
ORD-000347,CUST-0024,bob355@yahoo.com,2024-08-25 00:00:00,208.49,18,completed,Books
ORD-000348,CUST-0075,eve154@yahoo.com,2024-03-10 00:00:00,38.2,8,cancelled,Home
ORD-000349,CUST-0185,grace261@gmail.com,2024-10-27 00:00:00,133.0,4,pending,Books
ORD-000350,CUST-0085,diana537@yahoo.com,2024-04-20 00:00:00,31.91,12,cancelled,Clothing
ORD-000351,CUST-0023,eve651@yahoo.com,2024-07-21 00:00:00,207.66,2,shipped,Home
ORD-000705,CUST-0130,bob863@gmail.com,2024-04-24 00:00:00,50.03,5,completed,Electronics
ORD-000353,CUST-0192,charlie407@company.com,2024-04-28 00:00:00,58.63,16,cancelled,Books
ORD-000354,CUST-0173,eve437@outlook.com,2024-05-05 00:00:00,7.96,18,cancelled,Home
ORD-000355,CUST-0055,bob423@outlook.com,2024-04-13 00:00:00,26.74,14,pending,Home
ORD-000356,CUST-0091,eve183@outlook.com,2024-08-21 00:00:00,14.41,13,shipped,Books
ORD-000357,CUST-0106,eve807@outlook.com,2024-08-01 00:00:00,5.79,1,pending,Clothing
ORD-000358,CUST-0050,hank229@gmail.com,2024-02-20 00:00:00,55.12,15,shipped,Books
ORD-000359,CUST-0054,alice821@outlook.com,2024-10-28 00:00:00,49.33,7,pending,Sports
ORD-000853,CUST-0048,frank108@company.com,2024-03-21 00:00:00,,1,cancelled,Electronics
ORD-000361,CUST-0198,alice277@gmail.com,2024-07-09 00:00:00,31.63,2,cancelled,Clothing
ORD-000362,CUST-0149,diana993@gmail.com,2024-03-23 00:00:00,232.77,4,completed,Food
ORD-000363,CUST-0168,eve733@gmail.com,2024-08-15 00:00:00,26.11,6,cancelled,Food
ORD-000364,CUST-0163,charlie592@outlook.com,2024-08-18 00:00:00,37.32,12,returned,Electronics
ORD-000365,CUST-0191,hank18@company.com,2024-03-19 00:00:00,74.57,13,cancelled,Electronics
ORD-000366,CUST-0021,charlie469@outlook.com,2024-09-05 00:00:00,31.02,18,returned,Food
ORD-000367,CUST-0176,hank719@gmail.com,2024-05-22 00:00:00,131.47,8,cancelled,Books
ORD-000368,CUST-0014,hank647@company.com,2024-04-21 00:00:00,7.59,11,returned,Sports
ORD-000369,CUST-0095,grace769@company.com,2024-03-22 00:00:00,210.03,15,returned,Home
ORD-000370,CUST-0119,frank630@gmail.com,2024-10-14 00:00:00,50.1,14,cancelled,Sports
ORD-000371,CUST-0072,charlie704@company.com,2024-09-08 00:00:00,59.38,17,returned,Clothing
ORD-000372,CUST-0030,grace371@outlook.com,2024-02-28 00:00:00,26.81,18,completed,Sports
ORD-000373,CUST-0039,eve489@outlook.com,2024-05-23 00:00:00,97.08,5,shipped,Electronics
ORD-000374,CUST-0165,alice459@outlook.com,2024-03-26 00:00:00,7.22,19,returned,Home
ORD-000375,CUST-0064,bob374@company.com,2024-08-04 00:00:00,6.67,10,returned,Sports
ORD-000376,CUST-0062,eve626@company.com,2024-12-19 00:00:00,31.64,1,completed,Home
ORD-000377,CUST-0184,bob100@outlook.com,2024-11-22 00:00:00,45.86,7,completed,Sports
ORD-000378,CUST-0029,alice955@outlook.com,2024-09-30 00:00:00,73.7,10,pending,Food
ORD-000379,CUST-0183,grace189@gmail.com,2024-07-15 00:00:00,7.63,9,shipped,Home
ORD-000380,CUST-0184,diana882@company.com,2024-12-16 00:00:00,44.41,7,pending,Sports
ORD-000381,CUST-0120,hank787@outlook.com,2024-10-02 00:00:00,18.55,9,returned,Clothing
ORD-000382,CUST-0033,alice478@yahoo.com,2024-07-14 00:00:00,207.19,2,completed,Home
ORD-000383,CUST-0032,eve706@yahoo.com,2024-05-25 00:00:00,115.98,9,returned,Books
ORD-000384,CUST-0057,eve550@outlook.com,2024-08-31 00:00:00,53.15,10,cancelled,Electronics
ORD-000385,CUST-0115,hank581@gmail.com,2024-05-30 00:00:00,39.27,12,shipped,Home
ORD-000386,CUST-0031,alice747@yahoo.com,2024-03-10 00:00:00,66.08,7,cancelled,Food
ORD-000387,CUST-0091,charlie339@company.com,2024-08-31 00:00:00,23.09,7,completed,Electronics
ORD-000388,CUST-0023,alice361@outlook.com,2024-08-17 00:00:00,39.19,7,completed,Sports
ORD-000389,CUST-0108,bob909@yahoo.com,2024-12-03 00:00:00,24.98,11,completed,Sports
ORD-000390,CUST-0005,bob751@outlook.com,2024-09-21 00:00:00,138.87,15,shipped,Sports
ORD-000391,CUST-0142,bob700@yahoo.com,2024-08-16 00:00:00,119.87,2,pending,Sports
ORD-000392,CUST-0012,hank303@company.com,2024-12-09 00:00:00,253.5,8,returned,Food
ORD-000139,CUST-0039,eve365@outlook.com,2024-03-14 00:00:00,69.71,9,returned,Sports
ORD-000394,CUST-0035,hank497@outlook.com,2024-11-05 00:00:00,43.32,10,returned,Clothing
ORD-000395,CUST-0166,diana441@outlook.com,2024-04-04 00:00:00,117.46,3,returned,Electronics
ORD-000396,CUST-0011,charlie888@outlook.com,2024-12-28 00:00:00,65.07,18,returned,Home
ORD-000397,CUST-0086,diana710@yahoo.com,2024-05-15 00:00:00,8.78,5,pending,Clothing
ORD-000398,CUST-0118,bob16@company.com,2024-11-03 00:00:00,,2,cancelled,Clothing
ORD-000399,CUST-0103,grace762@company.com,2024-08-20 00:00:00,87.52,3,shipped,Clothing
ORD-000400,CUST-0136,eve552@gmail.com,2024-02-19 00:00:00,60.12,9,cancelled,Clothing
ORD-000401,CUST-0160,eve69@company.com,2024-12-21 00:00:00,46.91,4,INVALID_STATUS,Clothing
ORD-000402,CUST-0079,hank847@yahoo.com,2024-03-25 00:00:00,6.23,9,returned,Electronics
ORD-000403,CUST-0165,hank128@outlook.com,2024-03-27 00:00:00,18.08,3,returned,Home
ORD-000404,CUST-0064,frank401@company.com,2024-02-29 00:00:00,159.38,17,pending,Electronics
ORD-000405,CUST-0196,grace993@outlook.com,2024-07-28 00:00:00,161.87,6,shipped,Food
ORD-000406,CUST-0101,frank556@yahoo.com,2024-12-12 00:00:00,8.96,8,completed,Home
ORD-000407,CUST-0147,diana629@outlook.com,2024-04-23 00:00:00,57.51,16,cancelled,Clothing
ORD-000408,CUST-0175,diana948@outlook.com,2024-02-09 00:00:00,88.88,10,completed,Food
ORD-000409,CUST-0158,alice739@company.com,2024-12-02 00:00:00,-29.4,12,shipped,Clothing
ORD-000410,CUST-0170,hank176@outlook.com,2024-10-21 00:00:00,101.57,1,cancelled,Sports
ORD-000411,CUST-0107,grace299@yahoo.com,2024-09-11 00:00:00,36.68,8,completed,Books
ORD-000412,CUST-0009,hank677@gmail.com,2024-06-08 00:00:00,44.73,7,completed,Books
ORD-000780,CUST-0099,charlie561@company.com,2024-08-27 00:00:00,10.86,9,pending,Food
ORD-000414,CUST-0037,bob265@outlook.com,2024-08-11 00:00:00,32.46,5,shipped,Electronics
ORD-000415,CUST-0177,bob608@outlook.com,2024-12-03 00:00:00,90.77,6,shipped,Electronics
ORD-000416,CUST-0048,,2024-01-03 00:00:00,,13,shipped,Home
ORD-000417,CUST-0046,grace571@yahoo.com,2024-02-10 00:00:00,6.29,16,cancelled,Sports
ORD-000565,CUST-0050,bob571@outlook.com,2024-07-28 00:00:00,12.21,5,pending,Home
ORD-000419,CUST-0128,eve728@company.com,2024-08-31 00:00:00,12.79,16,returned,Sports
ORD-000420,CUST-0114,grace809@gmail.com,2024-01-12 00:00:00,49.18,3,cancelled,Books
ORD-000421,CUST-0189,frank237@outlook.com,2024-12-15 00:00:00,45.87,1,shipped,Books
ORD-000422,CUST-0083,frank189@outlook.com,2024-01-11 00:00:00,50.06,8,cancelled,Sports
ORD-000423,CUST-0057,alice526@gmail.com,2024-12-10 00:00:00,62.33,7,completed,Home
ORD-000424,CUST-0010,diana641@company.com,2024-10-15 00:00:00,130.95,530,cancelled,Electronics
ORD-000425,CUST-0002,diana243@gmail.com,2024-01-27 00:00:00,42.53,19,cancelled,Food
ORD-000426,CUST-0075,grace922@gmail.com,2024-07-08 00:00:00,84.21,2,shipped,Sports
ORD-000427,CUST-0185,bob414@outlook.com,2024-05-24 00:00:00,24.25,2,completed,Sports
ORD-000428,CUST-0105,charlie468@company.com,2024-08-09 00:00:00,30.55,10,shipped,Sports
ORD-000429,CUST-0178,alice192@gmail.com,2024-10-31 00:00:00,9.93,4,completed,Home
ORD-000430,CUST-0021,frank795@gmail.com,2024-07-14 00:00:00,49.88,1,completed,Electronics
ORD-000431,CUST-0019,eve119@company.com,2024-10-06 00:00:00,7.75,12,completed,Home
ORD-000432,CUST-0166,frank255@outlook.com,2024-01-04 00:00:00,12.87,18,shipped,Clothing
ORD-000433,CUST-0022,charlie403@yahoo.com,2024-07-26 00:00:00,163.18,7,completed,Clothing
ORD-000030,CUST-0011,grace845@yahoo.com,2024-09-30 00:00:00,49.27,16,pending,Sports
ORD-000435,CUST-0081,charlie433@yahoo.com,2024-10-29 00:00:00,175.31,18,pending,Sports
ORD-000199,CUST-0185,bob782@outlook.com,2024-07-31 00:00:00,91.83,5,returned,Sports
ORD-000437,CUST-0138,diana73@outlook.com,2024-12-18 00:00:00,75.07,12,pending,Electronics
ORD-000438,CUST-0020,charlie228@yahoo.com,2024-08-29 00:00:00,,18,returned,Electronics
ORD-000439,CUST-0167,hank537@company.com,2024-09-23 00:00:00,40.58,16,pending,Sports
ORD-000440,CUST-0168,hank759@company.com,2024-05-21 00:00:00,73.97,13,shipped,Electronics
ORD-000090,CUST-0160,alice974@outlook.com,2024-02-27 00:00:00,6.35,10,returned,Books
ORD-000442,CUST-0180,eve441@yahoo.com,2024-11-22 00:00:00,39.07,16,cancelled,Sports
ORD-000443,CUST-0048,bob161@outlook.com,2024-04-07 00:00:00,,2,cancelled,Books
ORD-000471,CUST-0195,frank748@company.com,2024-11-08 00:00:00,5.27,12,pending,Home
ORD-000445,CUST-0064,grace672@company.com,2024-09-29 00:00:00,41.82,2,cancelled,Books
ORD-000446,CUST-0160,hank505@company.com,2024-07-09 00:00:00,70.34,10,pending,Home
ORD-000447,CUST-0116,diana797@outlook.com,2024-06-21 00:00:00,6.75,2,pending,Food
ORD-000448,CUST-0156,hank247@gmail.com,2024-02-10 00:00:00,23.94,11,cancelled,Home
ORD-000449,CUST-0125,diana337@outlook.com,2024-07-03 00:00:00,94.89,6,cancelled,Sports
ORD-000450,CUST-0128,frank794@company.com,2024-02-22 00:00:00,90.0,8,completed,Sports
ORD-000451,CUST-0123,eve392@gmail.com,2024-05-26 00:00:00,43.11,6,returned,Home
ORD-000452,CUST-0156,grace352@company.com,2024-09-25 00:00:00,83.96,2,pending,Electronics
ORD-000453,CUST-0148,alice597@gmail.com,2024-04-01 00:00:00,31.17,2,cancelled,Clothing
ORD-000454,CUST-0027,hank412@company.com,2027-03-11 13:41:07,44.37,9,returned,Books
ORD-000455,CUST-0165,diana609@company.com,2024-06-13 00:00:00,133.84,5,cancelled,Home
ORD-000456,CUST-0107,diana979@yahoo.com,2024-09-08 00:00:00,21.95,17,cancelled,Clothing
ORD-000457,CUST-0065,eve235@yahoo.com,2027-01-10 13:41:07,30.55,2,completed,Sports
ORD-000458,CUST-0103,invalid-email-458,2024-02-09 00:00:00,47.86,14,pending,Sports
ORD-000459,CUST-0193,eve917@outlook.com,2024-05-05 00:00:00,66.19,4,pending,Food
ORD-000460,CUST-0171,alice711@company.com,2024-12-08 00:00:00,37.9,11,shipped,Food
ORD-000461,CUST-0166,charlie817@gmail.com,2024-03-20 00:00:00,25.87,3,completed,Home
ORD-000462,CUST-0093,eve864@company.com,2024-10-31 00:00:00,74.93,11,returned,Electronics
ORD-000463,CUST-0157,grace360@yahoo.com,2024-02-13 00:00:00,34.69,7,completed,Home
ORD-000464,CUST-0077,diana749@yahoo.com,2024-08-20 00:00:00,50.11,13,returned,Books
ORD-000465,CUST-0137,frank298@company.com,2024-05-15 00:00:00,145.07,1,pending,Food
ORD-000466,CUST-0128,charlie216@company.com,2024-04-19 00:00:00,91.75,17,shipped,Clothing
ORD-000467,CUST-0050,hank407@company.com,2024-04-25 00:00:00,17.1,2,shipped,Electronics
ORD-000468,CUST-0054,frank28@gmail.com,2024-12-26 00:00:00,24.53,19,pending,Food
ORD-000469,CUST-0013,hank927@gmail.com,2024-03-15 00:00:00,22.28,15,cancelled,Home
ORD-000470,CUST-0028,charlie531@yahoo.com,2024-02-04 00:00:00,59.82,4,INVALID_STATUS,Books
ORD-000471,CUST-0087,grace18@company.com,2024-11-13 00:00:00,-47.78,2,shipped,Books
ORD-000472,CUST-0096,bob887@outlook.com,2024-12-20 00:00:00,47.46,3,cancelled,Electronics
ORD-000473,CUST-0033,alice263@company.com,2024-01-14 00:00:00,57.18,15,returned,Books
ORD-000474,CUST-0083,bob971@outlook.com,2024-10-10 00:00:00,177.43,13,shipped,Books
ORD-000475,CUST-0121,frank291@company.com,2024-12-08 00:00:00,88.94,1,returned,Books
ORD-000476,CUST-0047,grace212@company.com,2024-11-07 00:00:00,15.74,19,cancelled,Books
ORD-000477,CUST-0068,bob88@yahoo.com,2024-09-12 00:00:00,42.12,7,returned,Home
ORD-000478,CUST-0074,hank74@gmail.com,2024-10-08 00:00:00,6.94,10,cancelled,Food
ORD-000479,CUST-0101,frank38@yahoo.com,2024-06-22 00:00:00,53.59,8,returned,Food
ORD-000480,CUST-0073,bob630@outlook.com,2024-12-16 00:00:00,60.19,11,completed,Electronics
ORD-000481,CUST-0147,eve414@outlook.com,2024-01-30 00:00:00,17.21,14,shipped,Clothing
ORD-000482,CUST-0066,bob447@yahoo.com,2024-04-13 00:00:00,25.62,12,shipped,Clothing
ORD-000483,CUST-0087,alice780@gmail.com,2024-09-07 00:00:00,16.64,12,cancelled,Books
ORD-000484,CUST-0076,eve261@outlook.com,2024-02-04 00:00:00,12.7,12,returned,Food
ORD-000568,CUST-0037,bob952@gmail.com,2024-05-26 00:00:00,7.26,6,pending,Home
ORD-000486,CUST-0137,diana685@yahoo.com,2024-03-18 00:00:00,17.23,8,shipped,Books
ORD-000487,CUST-0047,grace752@outlook.com,2024-07-25 00:00:00,36.85,5,returned,Books
ORD-000488,CUST-0060,frank217@outlook.com,2024-07-20 00:00:00,,13,returned,Food
ORD-000489,CUST-0158,charlie249@outlook.com,2024-10-30 00:00:00,48.4,14,completed,Home
ORD-000490,CUST-0189,bob290@outlook.com,2024-09-28 00:00:00,61.86,14,pending,Sports
ORD-000491,CUST-0134,grace923@company.com,2024-02-21 00:00:00,11.68,3,shipped,Food
ORD-000492,CUST-0183,alice135@company.com,2024-09-14 00:00:00,36.86,7,completed,Electronics
ORD-000493,CUST-0170,diana750@outlook.com,2024-11-25 00:00:00,15.72,12,pending,Clothing
ORD-000494,CUST-0096,hank446@yahoo.com,2024-09-27 00:00:00,45.26,5,shipped,Home
ORD-000495,CUST-0154,frank831@gmail.com,2024-03-13 00:00:00,103.12,8,completed,Clothing
ORD-000832,CUST-0066,frank742@company.com,2024-02-11 00:00:00,99.32,19,pending,Home
ORD-000497,CUST-0092,alice960@outlook.com,2024-09-03 00:00:00,10.03,11,shipped,Food
ORD-000498,CUST-0107,eve472@yahoo.com,2024-01-09 00:00:00,65.97,14,pending,Home
ORD-000499,CUST-0192,bob958@outlook.com,2024-02-28 00:00:00,89.43,1,returned,Sports
ORD-000500,CUST-0169,bob528@yahoo.com,2024-06-30 00:00:00,101.74,7,cancelled,Books
ORD-000501,CUST-0098,alice668@gmail.com,2024-06-25 00:00:00,12.29,12,cancelled,Electronics
ORD-000502,CUST-0130,frank481@yahoo.com,2024-11-22 00:00:00,32.7,5,returned,Sports
ORD-000503,CUST-0041,charlie513@yahoo.com,2024-12-24 00:00:00,59.04,16,pending,Clothing
ORD-000504,CUST-0161,,2024-07-18 00:00:00,13.81,18,returned,Electronics
ORD-000505,CUST-0111,diana645@yahoo.com,2024-05-02 00:00:00,51.9,9,cancelled,Books
ORD-000506,CUST-0107,frank432@yahoo.com,2024-05-31 00:00:00,57.63,11,cancelled,Food
ORD-000507,CUST-0153,alice974@company.com,2024-07-19 00:00:00,23.56,14,pending,Sports
ORD-000508,CUST-0126,charlie154@yahoo.com,2024-04-02 00:00:00,37.88,1,cancelled,Home
ORD-000509,CUST-0015,eve395@yahoo.com,2024-08-20 00:00:00,39.38,10,returned,Clothing
ORD-000510,CUST-0058,bob641@gmail.com,2024-03-11 00:00:00,30.69,13,pending,Sports
ORD-000511,CUST-0036,charlie943@gmail.com,2024-11-01 00:00:00,51.43,3,returned,Sports
ORD-000512,CUST-0147,frank500@yahoo.com,2024-08-30 00:00:00,71.25,7,pending,Electronics
ORD-000513,CUST-0007,frank725@gmail.com,2024-06-30 00:00:00,5.62,18,cancelled,Clothing
ORD-000514,CUST-0041,charlie287@company.com,2024-11-02 00:00:00,30.43,1,shipped,Clothing
ORD-000515,CUST-0119,alice9@yahoo.com,2024-04-24 00:00:00,8.98,19,pending,Clothing
ORD-000516,CUST-0139,grace989@gmail.com,2024-02-18 00:00:00,19.91,3,pending,Electronics
ORD-000517,CUST-0101,bob322@outlook.com,2024-12-21 00:00:00,5.18,10,shipped,Clothing
ORD-000518,CUST-0172,hank204@company.com,2024-08-01 00:00:00,20.45,8,cancelled,Electronics
ORD-000519,CUST-0183,bob242@outlook.com,2024-07-25 00:00:00,16.83,14,returned,Home
ORD-000520,CUST-0027,diana984@gmail.com,2024-05-13 00:00:00,64.93,19,completed,Electronics
ORD-000521,CUST-0190,eve38@outlook.com,2024-06-12 00:00:00,15.24,16,shipped,Books
ORD-000522,CUST-0123,alice321@gmail.com,2024-01-02 00:00:00,157.44,12,completed,Food
ORD-000523,CUST-0127,hank412@outlook.com,2024-07-16 00:00:00,12.23,10,cancelled,Clothing
ORD-000524,CUST-0019,grace408@gmail.com,2024-11-14 00:00:00,17.99,7,pending,Books
ORD-000525,CUST-0124,hank430@outlook.com,2024-12-24 00:00:00,69.63,5,pending,Books
ORD-000526,CUST-0145,bob189@gmail.com,2024-08-12 00:00:00,188.87,3,cancelled,Home
ORD-000527,CUST-0116,invalid-email-527,2024-03-02 00:00:00,27.82,12,returned,Sports
ORD-000528,CUST-0017,bob553@yahoo.com,2024-09-07 00:00:00,68.88,1,returned,Home
ORD-000529,CUST-0105,eve890@company.com,2024-12-06 00:00:00,8.86,8,cancelled,Food
ORD-000530,CUST-0187,,2024-04-19 00:00:00,42.2,7,cancelled,Electronics
ORD-000531,CUST-0144,hank23@outlook.com,2024-09-17 00:00:00,21.84,16,cancelled,Food
ORD-000532,CUST-0028,bob848@gmail.com,2024-12-13 00:00:00,45.99,7,cancelled,Electronics
ORD-000199,CUST-0192,diana382@outlook.com,2024-09-07 00:00:00,102.96,6,cancelled,Clothing
ORD-000534,CUST-0191,invalid-email-534,2024-08-20 00:00:00,52.5,15,cancelled,Books
ORD-000535,CUST-0034,grace593@company.com,2024-04-17 00:00:00,22.87,13,pending,Home
ORD-000536,CUST-0160,hank903@outlook.com,2024-08-27 00:00:00,120.62,8,completed,Sports
ORD-000537,CUST-0081,grace141@gmail.com,2024-12-10 00:00:00,33.29,11,returned,Home
ORD-000538,CUST-0119,frank724@outlook.com,2024-01-21 00:00:00,22.58,13,completed,Clothing
ORD-000539,CUST-0089,frank920@company.com,2024-02-04 00:00:00,6.37,16,pending,Home
ORD-000540,CUST-0156,frank477@yahoo.com,2024-07-11 00:00:00,26.0,17,shipped,Sports
ORD-000541,CUST-0199,invalid-email-541,2024-08-27 00:00:00,32.23,2,completed,Sports
ORD-000542,CUST-0159,bob710@gmail.com,2024-04-22 00:00:00,11.28,6,shipped,Books
ORD-000543,CUST-0186,bob631@outlook.com,2024-07-20 00:00:00,44.02,4,pending,Books
ORD-000544,CUST-0189,bob776@company.com,2024-07-25 00:00:00,74.08,16,returned,Clothing
ORD-000114,CUST-0018,charlie620@gmail.com,2026-12-18 13:41:07,93.73,11,shipped,Books
ORD-000546,CUST-0051,frank603@gmail.com,2024-01-10 00:00:00,53.36,7,pending,Food
ORD-000547,CUST-0144,grace163@company.com,2024-06-12 00:00:00,26.1,10,cancelled,Food
ORD-000548,CUST-0118,grace414@gmail.com,2024-08-23 00:00:00,52.5,18,returned,Electronics
ORD-000549,CUST-0010,invalid-email-549,2024-04-12 00:00:00,29.79,14,cancelled,Books
ORD-000550,CUST-0019,,2024-06-02 00:00:00,27.97,5,returned,Electronics
ORD-000551,CUST-0104,diana872@yahoo.com,2024-03-09 00:00:00,8.9,6,returned,Home
ORD-000552,CUST-0123,hank762@yahoo.com,2024-03-03 00:00:00,157.39,14,completed,Electronics
ORD-000553,CUST-0034,bob788@company.com,2024-01-04 00:00:00,29.83,1,returned,Clothing
ORD-000554,CUST-0035,frank78@gmail.com,2024-04-27 00:00:00,27.66,18,completed,Sports
ORD-000555,CUST-0026,eve637@yahoo.com,2024-10-09 00:00:00,37.13,17,shipped,Clothing
ORD-000556,CUST-0113,grace571@gmail.com,2024-01-09 00:00:00,96.52,6,returned,Clothing
ORD-000557,CUST-0002,eve184@gmail.com,2024-04-18 00:00:00,266.21,10,shipped,Food
ORD-000558,CUST-0114,charlie848@company.com,2024-02-10 00:00:00,43.15,11,returned,Clothing
ORD-000559,CUST-0095,eve131@company.com,2024-08-04 00:00:00,8.65,15,completed,Food
ORD-000560,CUST-0093,frank732@gmail.com,2024-02-03 00:00:00,-38.94,15,cancelled,Clothing
ORD-000561,CUST-0136,charlie592@yahoo.com,2024-07-02 00:00:00,5.56,19,returned,Books
ORD-000562,CUST-0105,grace941@gmail.com,2024-03-13 00:00:00,30.17,14,pending,Food
ORD-000563,CUST-0145,charlie200@gmail.com,2024-04-18 00:00:00,16.82,14,cancelled,Home
ORD-000564,CUST-0153,bob851@yahoo.com,2024-11-21 00:00:00,100.26,19,completed,Sports
ORD-000565,CUST-0184,grace95@outlook.com,2024-01-13 00:00:00,42.33,9,INVALID_STATUS,Electronics
ORD-000566,CUST-0160,hank692@company.com,2024-12-01 00:00:00,,14,shipped,Food
ORD-000567,CUST-0104,charlie856@company.com,2024-05-09 00:00:00,9.67,19,completed,Electronics
ORD-000568,CUST-0098,eve340@company.com,2024-11-03 00:00:00,9.02,11,cancelled,Home
ORD-000569,CUST-0047,bob511@gmail.com,2024-01-09 00:00:00,56.34,6,shipped,Clothing
ORD-000570,CUST-0120,charlie335@yahoo.com,2024-05-22 00:00:00,27.86,7,shipped,Food
ORD-000571,CUST-0028,alice800@gmail.com,2024-10-03 00:00:00,71.03,9,completed,Clothing
ORD-000572,CUST-0186,eve952@outlook.com,2024-05-11 00:00:00,23.75,8,cancelled,Sports
ORD-000573,CUST-0169,grace283@outlook.com,2024-10-22 00:00:00,17.17,5,completed,Electronics
ORD-000574,CUST-0024,hank142@outlook.com,2024-06-01 00:00:00,7.97,11,pending,Clothing
ORD-000575,CUST-0157,eve454@yahoo.com,2024-05-21 00:00:00,60.44,16,pending,Books
ORD-000576,CUST-0024,bob140@company.com,2024-03-25 00:00:00,30.07,11,returned,Sports
ORD-000577,CUST-0144,grace425@gmail.com,2024-01-22 00:00:00,43.09,14,shipped,Books
ORD-000578,CUST-0018,eve32@outlook.com,2024-04-12 00:00:00,29.1,5,returned,Food
ORD-000579,CUST-0098,eve413@gmail.com,2024-10-30 00:00:00,16.03,16,cancelled,Food
ORD-000580,CUST-0131,diana14@outlook.com,2024-03-04 00:00:00,123.19,1,pending,Food
ORD-000581,CUST-0146,alice6@gmail.com,2024-05-17 00:00:00,5.24,15,returned,Books
ORD-000582,CUST-0084,invalid-email-582,2024-10-09 00:00:00,205.38,15,pending,Home
ORD-000583,CUST-0184,diana755@yahoo.com,2024-10-07 00:00:00,79.93,1,pending,Home
ORD-000584,CUST-0155,eve345@company.com,2024-01-24 00:00:00,29.61,19,pending,Books
ORD-000585,CUST-0042,frank324@gmail.com,2024-05-04 00:00:00,34.28,19,completed,Home
ORD-000586,CUST-0134,alice23@outlook.com,2024-03-16 00:00:00,157.23,7,returned,Books
ORD-000587,CUST-0146,grace501@yahoo.com,2024-01-02 00:00:00,93.6,527,shipped,Clothing
ORD-000588,CUST-0067,charlie632@outlook.com,2024-11-19 00:00:00,10.04,11,returned,Home
ORD-000589,CUST-0147,diana958@company.com,2024-01-05 00:00:00,33.46,2,shipped,Books
ORD-000590,CUST-0179,,2024-02-28 00:00:00,73.41,15,returned,Food
ORD-000591,CUST-0163,alice78@outlook.com,2024-05-12 00:00:00,34.58,18,returned,Sports
ORD-000592,CUST-0152,alice452@outlook.com,2024-01-03 00:00:00,27.21,3,pending,Sports
ORD-000593,CUST-0127,bob291@company.com,2024-10-16 00:00:00,116.8,16,shipped,Home
ORD-000594,CUST-0054,grace474@outlook.com,2024-02-29 00:00:00,20.75,17,shipped,Sports
ORD-000595,CUST-0159,grace788@company.com,2024-05-04 00:00:00,43.1,17,shipped,Electronics
ORD-000596,CUST-0073,bob504@outlook.com,2024-04-11 00:00:00,60.82,2,returned,Electronics
ORD-000597,CUST-0106,alice986@company.com,2024-03-30 00:00:00,19.4,18,shipped,Sports
ORD-000598,CUST-0063,charlie970@outlook.com,2024-12-11 00:00:00,63.51,1,returned,Food
ORD-000599,CUST-0063,frank129@gmail.com,2024-04-13 00:00:00,64.85,17,completed,Books
ORD-000600,CUST-0032,grace279@gmail.com,2024-07-12 00:00:00,107.81,526,pending,Sports
ORD-000601,CUST-0192,diana227@outlook.com,2024-07-27 00:00:00,113.04,11,cancelled,Food
ORD-000602,CUST-0030,grace187@gmail.com,2024-05-23 00:00:00,31.36,11,completed,Sports
ORD-000603,CUST-0018,grace713@company.com,2024-03-25 00:00:00,95.09,12,shipped,Sports
ORD-000604,CUST-0187,frank679@yahoo.com,2024-02-29 00:00:00,78.45,1,pending,Books
ORD-000605,CUST-0111,frank400@yahoo.com,2024-06-22 00:00:00,14.71,16,pending,Books
ORD-000606,CUST-0088,bob349@gmail.com,2024-08-13 00:00:00,47.74,19,pending,Food
ORD-000607,CUST-0147,diana56@company.com,2024-06-28 00:00:00,74.08,10,pending,Electronics
ORD-000608,CUST-0077,frank571@yahoo.com,2024-05-31 00:00:00,109.58,1,shipped,Home
ORD-000609,CUST-0026,diana564@gmail.com,2024-01-14 00:00:00,29.12,10,pending,Electronics
ORD-000610,CUST-0146,charlie494@company.com,2024-10-26 00:00:00,11.89,19,cancelled,Books
ORD-000611,CUST-0036,diana297@yahoo.com,2024-09-23 00:00:00,34.81,12,cancelled,Books
ORD-000612,CUST-0111,charlie806@gmail.com,2024-04-06 00:00:00,30.64,2,pending,Food
ORD-000613,CUST-0189,charlie684@outlook.com,2024-11-29 00:00:00,16.38,2,returned,Books
ORD-000614,CUST-0187,hank991@outlook.com,2024-03-12 00:00:00,34.71,5,shipped,Books
ORD-000615,CUST-0072,,2024-08-19 00:00:00,14.83,16,cancelled,Books
ORD-000616,CUST-0156,charlie178@outlook.com,2024-03-25 00:00:00,44.88,1,cancelled,Food
ORD-000617,CUST-0122,bob259@outlook.com,2024-09-28 00:00:00,134.07,9,INVALID_STATUS,Food
ORD-000618,CUST-0096,hank40@company.com,2024-02-10 00:00:00,49.67,3,completed,Food
ORD-000619,CUST-0028,eve352@gmail.com,2024-07-27 00:00:00,32.6,4,completed,Books
ORD-000620,CUST-0075,frank279@gmail.com,2024-01-03 00:00:00,20.52,2,cancelled,Clothing
ORD-000621,CUST-0130,,2024-11-04 00:00:00,35.92,5,returned,Clothing
ORD-000622,CUST-0197,hank328@gmail.com,2024-05-04 00:00:00,7.95,18,shipped,Sports
ORD-000565,CUST-0001,alice599@company.com,2024-11-26 00:00:00,,8,shipped,Clothing
ORD-000624,CUST-0143,eve989@gmail.com,2024-07-20 00:00:00,23.58,2,cancelled,Electronics
ORD-000634,CUST-0169,bob34@outlook.com,2024-05-02 00:00:00,72.05,19,cancelled,Sports
ORD-000626,CUST-0190,hank773@gmail.com,2024-08-10 00:00:00,14.44,19,shipped,Home
ORD-000627,CUST-0085,hank122@yahoo.com,2024-07-27 00:00:00,32.37,8,returned,Food
ORD-000786,CUST-0024,frank766@outlook.com,2024-09-16 00:00:00,173.15,10,completed,Books
ORD-000629,CUST-0054,charlie926@gmail.com,2024-05-07 00:00:00,14.55,7,completed,Food
ORD-000630,CUST-0170,hank993@gmail.com,2024-09-04 00:00:00,49.1,5,cancelled,Clothing
ORD-000631,CUST-0175,frank668@gmail.com,2024-11-28 00:00:00,19.34,1,shipped,Food
ORD-000632,CUST-0127,charlie769@gmail.com,2024-11-15 00:00:00,6.09,3,completed,Electronics
ORD-000633,CUST-0025,diana751@outlook.com,2024-12-14 00:00:00,19.0,17,returned,Food
ORD-000634,CUST-0025,hank276@yahoo.com,2024-11-12 00:00:00,11.08,3,cancelled,Home
ORD-000635,CUST-0096,frank970@company.com,2024-06-16 00:00:00,34.55,9,pending,Books
ORD-000636,CUST-0118,eve392@outlook.com,2024-05-14 00:00:00,131.02,4,cancelled,Books
ORD-000637,CUST-0007,grace915@company.com,2024-10-29 00:00:00,42.83,3,pending,Home
ORD-000638,CUST-0137,alice426@company.com,2024-09-10 00:00:00,127.58,2,cancelled,Home
ORD-000639,CUST-0109,bob374@company.com,2024-09-20 00:00:00,95.03,17,shipped,Home
ORD-000640,CUST-0003,bob502@outlook.com,2024-12-10 00:00:00,19.32,14,shipped,Food
ORD-000641,CUST-0020,eve483@company.com,2024-06-10 00:00:00,46.26,1,shipped,Electronics
ORD-000642,CUST-0091,charlie823@company.com,2024-12-13 00:00:00,37.67,14,shipped,Sports
ORD-000643,CUST-0144,bob578@yahoo.com,2024-08-19 00:00:00,35.57,12,returned,Food
ORD-000644,CUST-0165,frank837@company.com,2024-04-04 00:00:00,49.93,6,returned,Sports
ORD-000645,CUST-0086,grace303@yahoo.com,2024-06-15 00:00:00,-7.07,8,pending,Clothing
ORD-000646,CUST-0059,bob583@company.com,2024-08-01 00:00:00,9.24,9,returned,Books
ORD-000647,CUST-0193,grace383@company.com,2024-04-19 00:00:00,16.97,8,cancelled,Food
ORD-000648,CUST-0092,charlie720@gmail.com,2024-01-01 00:00:00,99.77,3,shipped,Food
ORD-000649,CUST-0063,grace508@company.com,2024-06-25 00:00:00,23.05,5,completed,Clothing
ORD-000650,CUST-0089,alice512@company.com,2024-02-21 00:00:00,14.01,16,completed,Food
ORD-000651,CUST-0003,eve261@yahoo.com,2024-12-17 00:00:00,23.98,18,completed,Sports
ORD-000652,CUST-0061,diana893@company.com,2024-08-20 00:00:00,38.22,13,cancelled,Food
ORD-000653,CUST-0103,hank491@yahoo.com,2024-05-20 00:00:00,16.64,5,completed,Home
ORD-000654,CUST-0183,diana442@yahoo.com,2024-11-14 00:00:00,132.55,6,completed,Food
ORD-000655,CUST-0147,charlie314@gmail.com,2024-04-26 00:00:00,10.21,8,pending,Books
ORD-000656,CUST-0156,eve871@gmail.com,2024-10-09 00:00:00,66.68,10,cancelled,Sports
ORD-000657,CUST-0109,alice584@company.com,2024-08-28 00:00:00,24.93,10,cancelled,Books
ORD-000658,CUST-0023,charlie928@outlook.com,2024-06-04 00:00:00,10.74,15,completed,Clothing
ORD-000659,CUST-0078,charlie736@yahoo.com,2024-10-05 00:00:00,11.39,12,cancelled,Food
ORD-000660,CUST-0199,charlie416@yahoo.com,2024-01-19 00:00:00,266.98,10,pending,Sports
ORD-000661,CUST-0009,hank612@gmail.com,2024-06-17 00:00:00,21.06,15,pending,Clothing
ORD-000662,CUST-0175,grace68@company.com,2024-08-29 00:00:00,24.34,1,shipped,Books
ORD-000663,CUST-0137,diana445@outlook.com,2024-01-13 00:00:00,108.7,16,pending,Electronics
ORD-000664,CUST-0057,eve94@outlook.com,2024-09-29 00:00:00,19.79,11,shipped,Home
ORD-000665,CUST-0155,diana849@yahoo.com,2024-04-01 00:00:00,10.23,7,completed,Clothing
ORD-000666,CUST-0167,eve320@outlook.com,2024-02-26 00:00:00,9.26,1,shipped,Food
ORD-000667,CUST-0009,diana468@company.com,2024-11-10 00:00:00,82.76,4,shipped,Books
ORD-000654,CUST-0022,hank369@outlook.com,2024-01-26 00:00:00,130.85,7,completed,Food
ORD-000669,CUST-0133,eve307@outlook.com,2024-10-04 00:00:00,7.01,11,shipped,Sports
ORD-000670,CUST-0199,grace626@yahoo.com,2024-07-27 00:00:00,25.19,12,pending,Clothing
ORD-000671,CUST-0005,diana17@yahoo.com,2024-11-14 00:00:00,96.0,15,completed,Food
ORD-000672,CUST-0133,eve379@gmail.com,2024-09-22 00:00:00,29.79,16,cancelled,Books
ORD-000673,CUST-0028,hank911@company.com,2024-02-17 00:00:00,17.5,9,shipped,Food
ORD-000674,CUST-0130,bob793@gmail.com,2024-03-12 00:00:00,40.18,14,pending,Electronics
ORD-000675,CUST-0125,eve799@gmail.com,2024-10-26 00:00:00,73.19,699,cancelled,Clothing
ORD-000676,CUST-0018,charlie458@company.com,2024-01-18 00:00:00,26.84,6,completed,Books
ORD-000277,CUST-0136,hank30@yahoo.com,2024-04-03 00:00:00,63.62,19,completed,Clothing
ORD-000678,CUST-0179,grace507@gmail.com,2024-05-30 00:00:00,112.74,19,completed,Food
ORD-000679,CUST-0172,diana446@outlook.com,2027-03-31 13:41:07,55.97,19,pending,Books
ORD-000680,CUST-0006,frank754@gmail.com,2024-12-03 00:00:00,44.61,17,cancelled,Home
ORD-000681,CUST-0049,grace708@gmail.com,2024-08-20 00:00:00,20.75,17,completed,Books
ORD-000682,CUST-0048,grace216@company.com,2024-08-24 00:00:00,37.47,9,pending,Books
ORD-000683,CUST-0091,diana896@outlook.com,2024-04-05 00:00:00,40.23,13,returned,Books
ORD-000684,CUST-0029,bob339@company.com,2024-03-07 00:00:00,27.7,1,pending,Sports
ORD-000685,CUST-0171,diana710@gmail.com,2024-01-06 00:00:00,122.49,6,returned,Books
ORD-000686,CUST-0155,frank763@gmail.com,2024-03-20 00:00:00,,10,cancelled,Home
ORD-000687,CUST-0161,frank586@yahoo.com,2024-01-21 00:00:00,11.75,5,completed,Electronics
ORD-000688,CUST-0040,charlie610@gmail.com,2024-12-19 00:00:00,79.52,12,completed,Home
ORD-000689,CUST-0003,invalid-email-689,2024-05-18 00:00:00,6.47,9,shipped,Electronics
ORD-000690,CUST-0182,charlie44@outlook.com,2024-05-31 00:00:00,36.69,8,completed,Food
ORD-000691,CUST-0058,hank211@gmail.com,2024-06-16 00:00:00,11.23,2,cancelled,Sports
ORD-000794,CUST-0131,bob471@gmail.com,2024-08-08 00:00:00,119.16,3,pending,Sports
ORD-000693,CUST-0181,eve560@yahoo.com,2024-12-12 00:00:00,13.28,7,cancelled,Sports
ORD-000694,CUST-0008,charlie431@outlook.com,2024-03-19 00:00:00,5.6,6,completed,Electronics
ORD-000780,CUST-0002,bob392@company.com,2024-05-05 00:00:00,,12,pending,Home
ORD-000696,CUST-0002,diana384@company.com,2024-08-28 00:00:00,35.93,1,cancelled,Clothing
ORD-000697,CUST-0032,bob101@gmail.com,2024-06-28 00:00:00,6.58,19,completed,Sports
ORD-000698,CUST-0011,diana763@outlook.com,2024-04-26 00:00:00,81.36,3,completed,Electronics
ORD-000699,CUST-0164,hank27@gmail.com,2024-04-09 00:00:00,16.01,15,completed,Food
ORD-000700,CUST-0121,bob403@outlook.com,2024-05-05 00:00:00,104.92,9,shipped,Home
ORD-000701,CUST-0196,alice123@yahoo.com,2024-12-03 00:00:00,118.9,4,shipped,Sports
ORD-000702,CUST-0160,charlie198@company.com,2024-06-03 00:00:00,22.4,7,shipped,Books
ORD-000703,CUST-0192,grace312@gmail.com,2024-06-15 00:00:00,-46.11,9,pending,Home
ORD-000704,CUST-0048,frank826@yahoo.com,2024-03-29 00:00:00,23.65,1,cancelled,Electronics
ORD-000705,CUST-0058,grace831@yahoo.com,2024-11-20 00:00:00,20.78,18,pending,Clothing
ORD-000706,CUST-0170,bob369@company.com,2024-08-09 00:00:00,134.7,13,pending,Clothing
ORD-000707,CUST-0049,bob516@gmail.com,2024-12-25 00:00:00,31.62,4,completed,Clothing
ORD-000553,CUST-0012,grace727@outlook.com,2024-06-21 00:00:00,15.87,4,returned,Books
ORD-000709,CUST-0134,,2024-09-23 00:00:00,12.01,10,returned,Home
ORD-000710,CUST-0160,frank834@company.com,2024-10-24 00:00:00,,4,completed,Sports
ORD-000711,CUST-0193,alice734@company.com,2024-10-10 00:00:00,27.76,680,returned,Home
ORD-000712,CUST-0185,bob235@company.com,2024-05-19 00:00:00,103.8,3,pending,Clothing
ORD-000713,CUST-0024,diana28@gmail.com,2024-08-10 00:00:00,133.55,19,cancelled,Books
ORD-000714,CUST-0154,frank500@yahoo.com,2024-06-12 00:00:00,15.57,18,shipped,Food
ORD-000715,CUST-0169,alice290@company.com,2024-03-30 00:00:00,39.25,16,pending,Clothing
ORD-000716,CUST-0139,frank477@yahoo.com,2024-10-08 00:00:00,11.14,9,pending,Electronics
ORD-000717,CUST-0164,hank826@outlook.com,2024-04-03 00:00:00,106.23,5,cancelled,Home
ORD-000718,CUST-0167,charlie418@yahoo.com,2024-10-13 00:00:00,119.14,2,returned,Books
ORD-000719,CUST-0089,bob695@outlook.com,2024-07-03 00:00:00,28.22,13,cancelled,Food
ORD-000720,CUST-0008,alice305@company.com,2024-09-02 00:00:00,26.17,7,pending,Clothing
ORD-000721,CUST-0091,diana212@gmail.com,2024-01-13 00:00:00,18.45,7,completed,Books
ORD-000722,CUST-0041,diana601@gmail.com,2024-03-20 00:00:00,23.79,11,completed,Food
ORD-000723,CUST-0023,invalid-email-723,2024-02-24 00:00:00,54.15,2,pending,Electronics
ORD-000724,CUST-0025,grace151@outlook.com,2024-03-25 00:00:00,70.78,10,completed,Electronics
ORD-000725,CUST-0139,eve270@gmail.com,2024-02-11 00:00:00,38.44,12,returned,Home
ORD-000726,CUST-0101,diana45@company.com,2024-06-30 00:00:00,55.51,3,cancelled,Books
ORD-000727,CUST-0108,invalid-email-727,2024-03-17 00:00:00,40.49,15,shipped,Clothing
ORD-000728,CUST-0149,frank359@company.com,2024-02-20 00:00:00,141.57,14,cancelled,Clothing
ORD-000729,CUST-0110,bob396@company.com,2024-06-02 00:00:00,132.45,17,shipped,Sports
ORD-000730,CUST-0126,grace190@outlook.com,2024-08-08 00:00:00,7.49,1,pending,Clothing
ORD-000731,CUST-0018,hank691@outlook.com,2024-01-13 00:00:00,72.65,19,pending,Home
ORD-000732,CUST-0170,frank752@yahoo.com,2024-06-20 00:00:00,75.93,8,shipped,Electronics
ORD-000602,CUST-0090,hank745@outlook.com,2024-02-17 00:00:00,150.83,18,completed,Clothing
ORD-000734,CUST-0031,frank297@company.com,2024-05-20 00:00:00,45.87,4,pending,Sports
ORD-000735,CUST-0162,bob499@outlook.com,2024-01-02 00:00:00,21.16,19,returned,Home
ORD-000408,CUST-0147,bob417@outlook.com,2024-08-01 00:00:00,-27.85,15,returned,Food
ORD-000737,CUST-0011,charlie975@company.com,2024-01-21 00:00:00,28.77,11,returned,Home
ORD-000738,CUST-0039,frank527@gmail.com,2024-06-17 00:00:00,31.49,16,returned,Home
ORD-000739,CUST-0004,bob750@company.com,2024-10-19 00:00:00,78.62,18,shipped,Home
ORD-000740,CUST-0054,eve764@company.com,2024-04-17 00:00:00,133.53,14,completed,Home
ORD-000741,CUST-0020,hank56@outlook.com,2024-10-01 00:00:00,17.85,5,shipped,Home
ORD-000742,CUST-0142,charlie691@outlook.com,2024-11-15 00:00:00,6.71,5,pending,Electronics
ORD-000743,CUST-0104,frank878@outlook.com,2024-12-27 00:00:00,44.35,16,returned,Electronics
ORD-000744,CUST-0196,alice586@company.com,2024-12-13 00:00:00,49.09,3,returned,Sports
ORD-000745,CUST-0150,grace191@company.com,2024-05-12 00:00:00,21.81,14,returned,Clothing
ORD-000746,CUST-0122,alice664@gmail.com,2024-08-03 00:00:00,22.72,1,pending,Food
ORD-000747,CUST-0102,grace7@company.com,2024-05-18 00:00:00,93.87,15,cancelled,Books
ORD-000748,CUST-0011,charlie203@gmail.com,2024-01-28 00:00:00,6.9,19,shipped,Electronics
ORD-000749,CUST-0014,charlie482@outlook.com,2024-04-10 00:00:00,50.89,15,completed,Books
ORD-000750,CUST-0123,alice404@yahoo.com,2024-01-14 00:00:00,45.36,4,pending,Sports
ORD-000751,CUST-0001,bob189@yahoo.com,2027-06-09 13:41:07,53.74,12,cancelled,Clothing
ORD-000037,CUST-0009,frank641@company.com,2024-08-28 00:00:00,42.89,15,cancelled,Electronics
ORD-000753,CUST-0044,grace777@gmail.com,2024-09-23 00:00:00,51.82,16,completed,Food
ORD-000754,CUST-0176,charlie101@outlook.com,2024-09-21 00:00:00,33.18,10,pending,Electronics
ORD-000755,CUST-0092,frank331@company.com,2024-09-11 00:00:00,13.9,2,cancelled,Food
ORD-000756,CUST-0142,hank91@gmail.com,2024-09-10 00:00:00,147.65,6,returned,Food
ORD-000757,CUST-0082,charlie380@company.com,2024-10-16 00:00:00,126.99,1,completed,Clothing
ORD-000758,CUST-0035,grace593@company.com,2024-07-18 00:00:00,109.51,9,returned,Clothing
ORD-000458,CUST-0074,eve36@yahoo.com,2024-10-20 00:00:00,177.3,1,completed,Food
ORD-000760,CUST-0019,bob722@gmail.com,2024-10-14 00:00:00,42.01,4,shipped,Books
ORD-000761,CUST-0154,charlie376@outlook.com,2024-11-16 00:00:00,94.34,12,shipped,Books
ORD-000276,CUST-0037,grace193@gmail.com,2024-03-27 00:00:00,60.27,11,pending,Clothing
ORD-000763,CUST-0075,eve943@company.com,2024-02-28 00:00:00,16.0,7,cancelled,Electronics
ORD-000764,CUST-0196,hank106@yahoo.com,2024-05-23 00:00:00,28.97,12,returned,Home
ORD-000765,CUST-0118,eve800@outlook.com,2024-01-06 00:00:00,26.53,7,cancelled,Sports
ORD-000766,CUST-0092,diana802@gmail.com,2024-02-07 00:00:00,54.39,9,shipped,Sports
ORD-000767,CUST-0109,charlie193@gmail.com,2024-11-01 00:00:00,7.38,7,returned,Books
ORD-000768,CUST-0157,hank51@yahoo.com,2024-05-25 00:00:00,26.95,1,pending,Clothing
ORD-000769,CUST-0051,hank642@gmail.com,2024-12-01 00:00:00,79.26,18,cancelled,Electronics
ORD-000770,CUST-0127,frank212@company.com,2024-12-25 00:00:00,13.05,11,completed,Electronics
ORD-000771,CUST-0174,bob772@company.com,2024-12-13 00:00:00,50.94,3,completed,Books
ORD-000772,CUST-0114,eve949@yahoo.com,2024-02-07 00:00:00,14.22,2,returned,Books
ORD-000773,CUST-0089,charlie658@company.com,2024-06-29 00:00:00,115.7,7,completed,Home
ORD-000774,CUST-0029,diana936@gmail.com,2024-10-01 00:00:00,25.54,18,completed,Food
ORD-000775,CUST-0050,diana871@yahoo.com,2024-07-03 00:00:00,5.2,12,shipped,Sports
ORD-000776,CUST-0189,diana120@outlook.com,2024-06-12 00:00:00,39.31,18,pending,Sports
ORD-000777,CUST-0108,alice21@company.com,2024-01-06 00:00:00,60.67,17,completed,Sports
ORD-000007,CUST-0060,frank227@outlook.com,2024-03-27 00:00:00,60.37,14,completed,Books
ORD-000779,CUST-0084,charlie807@gmail.com,2024-07-27 00:00:00,9.66,7,cancelled,Home
ORD-000780,CUST-0116,bob368@company.com,2024-12-15 00:00:00,12.79,13,returned,Food
ORD-000781,CUST-0107,grace50@outlook.com,2024-02-19 00:00:00,18.95,4,shipped,Clothing
ORD-000782,CUST-0140,grace901@outlook.com,2024-03-25 00:00:00,20.17,14,returned,Books
ORD-000783,CUST-0052,invalid-email-783,2024-06-04 00:00:00,,15,cancelled,Home
ORD-000784,CUST-0130,frank690@gmail.com,2024-04-29 00:00:00,41.58,3,cancelled,Books
ORD-000785,CUST-0089,invalid-email-785,2024-03-26 00:00:00,139.89,7,cancelled,Clothing
ORD-000786,CUST-0188,frank377@yahoo.com,2024-11-08 00:00:00,22.26,16,completed,Clothing
ORD-000787,CUST-0032,charlie519@yahoo.com,2024-07-29 00:00:00,122.21,17,returned,Home
ORD-000788,CUST-0030,grace340@gmail.com,2024-07-23 00:00:00,69.62,4,returned,Electronics
ORD-000789,CUST-0092,bob444@yahoo.com,2024-08-01 00:00:00,7.54,3,returned,Clothing
ORD-000790,CUST-0102,eve173@yahoo.com,2024-08-07 00:00:00,50.26,16,pending,Clothing
ORD-000791,CUST-0138,charlie109@company.com,2024-02-28 00:00:00,25.85,12,shipped,Food
ORD-000792,CUST-0081,,2024-03-05 00:00:00,44.61,19,completed,Clothing
ORD-000793,CUST-0182,eve238@gmail.com,2024-12-20 00:00:00,-113.6,12,shipped,Clothing
ORD-000794,CUST-0095,eve262@yahoo.com,2024-03-18 00:00:00,102.45,18,completed,Food
ORD-000795,CUST-0026,eve116@yahoo.com,2024-10-13 00:00:00,122.44,15,returned,Electronics
ORD-000796,CUST-0024,eve746@gmail.com,2024-01-09 00:00:00,49.63,13,pending,Sports
ORD-000797,CUST-0194,charlie725@yahoo.com,2024-12-04 00:00:00,19.58,7,pending,Sports
ORD-000798,CUST-0027,invalid-email-798,2024-11-17 00:00:00,27.7,11,returned,Clothing
ORD-000799,CUST-0189,alice640@gmail.com,2024-05-06 00:00:00,6.33,16,shipped,Electronics
ORD-000800,CUST-0056,bob750@gmail.com,2024-08-02 00:00:00,51.6,15,cancelled,Books
ORD-000801,CUST-0019,eve800@yahoo.com,2024-05-08 00:00:00,164.63,5,returned,Food
ORD-000802,CUST-0061,invalid-email-802,2024-04-24 00:00:00,19.21,8,completed,Food
ORD-000803,CUST-0123,,2024-03-19 00:00:00,16.0,14,shipped,Electronics
ORD-000439,CUST-0086,eve77@outlook.com,2024-10-10 00:00:00,13.94,12,cancelled,Home
ORD-000805,CUST-0157,diana205@outlook.com,2024-02-02 00:00:00,10.45,16,pending,Food
ORD-000806,CUST-0122,eve166@outlook.com,2024-05-26 00:00:00,41.31,17,completed,Books
ORD-000807,CUST-0080,bob779@gmail.com,2024-12-28 00:00:00,21.21,13,pending,Sports
ORD-000808,CUST-0127,charlie652@outlook.com,2024-11-17 00:00:00,94.86,7,completed,Sports
ORD-000809,CUST-0194,grace370@outlook.com,2024-07-09 00:00:00,138.66,10,cancelled,Electronics
ORD-000810,CUST-0082,hank407@yahoo.com,2024-12-15 00:00:00,135.69,8,completed,Sports
ORD-000811,CUST-0031,frank522@yahoo.com,2024-01-06 00:00:00,108.6,11,cancelled,Electronics
ORD-000812,CUST-0082,frank456@company.com,2024-01-24 00:00:00,,7,returned,Food
ORD-000245,CUST-0168,frank803@outlook.com,2024-07-27 00:00:00,119.28,3,returned,Electronics
ORD-000814,CUST-0044,charlie233@company.com,2024-07-26 00:00:00,17.03,6,completed,Food
ORD-000815,CUST-0189,bob527@company.com,2024-07-25 00:00:00,26.54,2,shipped,Electronics
ORD-000816,CUST-0118,diana492@outlook.com,2024-08-24 00:00:00,36.3,17,INVALID_STATUS,Electronics
ORD-000821,CUST-0120,bob376@company.com,2024-07-28 00:00:00,19.49,11,completed,Food
ORD-000818,CUST-0064,hank860@yahoo.com,2024-09-10 00:00:00,22.3,8,completed,Electronics
ORD-000819,CUST-0184,charlie351@gmail.com,2024-05-09 00:00:00,25.23,19,pending,Home
ORD-000764,CUST-0008,alice228@company.com,2024-02-23 00:00:00,9.21,10,completed,Home
ORD-000821,CUST-0060,grace345@outlook.com,2024-01-07 00:00:00,17.66,3,pending,Home
ORD-000822,CUST-0084,diana342@yahoo.com,2024-08-05 00:00:00,26.57,11,cancelled,Electronics
ORD-000823,CUST-0095,frank832@company.com,2024-10-07 00:00:00,5.55,5,shipped,Sports
ORD-000824,CUST-0095,diana886@yahoo.com,2024-10-18 00:00:00,22.05,2,returned,Books
ORD-000825,CUST-0030,hank614@outlook.com,2024-03-11 00:00:00,32.41,1,returned,Home
ORD-000826,CUST-0045,hank209@company.com,2024-02-24 00:00:00,47.92,7,shipped,Food
ORD-000827,CUST-0019,hank990@gmail.com,2024-05-22 00:00:00,149.4,7,pending,Clothing
ORD-000828,CUST-0114,bob574@outlook.com,2024-07-18 00:00:00,45.69,3,shipped,Clothing
ORD-000829,CUST-0070,hank921@yahoo.com,2024-01-05 00:00:00,96.98,11,pending,Food
ORD-000830,CUST-0113,diana798@company.com,2024-12-15 00:00:00,-34.02,19,shipped,Food
ORD-000831,CUST-0118,alice234@gmail.com,2024-07-23 00:00:00,32.37,17,completed,Food
ORD-000832,CUST-0140,eve813@outlook.com,2024-03-19 00:00:00,57.43,8,completed,Electronics
ORD-000833,CUST-0109,hank409@company.com,2024-05-26 00:00:00,11.47,1,shipped,Books
ORD-000834,CUST-0129,alice565@gmail.com,2024-08-05 00:00:00,85.03,6,cancelled,Home
ORD-000835,CUST-0117,grace911@yahoo.com,2024-05-25 00:00:00,26.91,14,shipped,Food
ORD-000836,CUST-0130,eve394@company.com,2024-02-02 00:00:00,13.06,15,returned,Electronics
ORD-000837,CUST-0123,grace607@company.com,2024-06-30 00:00:00,57.81,8,completed,Food
ORD-000838,CUST-0063,alice70@outlook.com,2024-08-24 00:00:00,29.69,4,shipped,Sports
ORD-000839,CUST-0050,alice285@yahoo.com,2024-04-13 00:00:00,12.87,16,INVALID_STATUS,Books
ORD-000840,CUST-0157,frank398@company.com,2024-01-06 00:00:00,,15,completed,Sports
ORD-000841,CUST-0069,bob783@outlook.com,2024-10-23 00:00:00,117.16,10,cancelled,Sports
ORD-000842,CUST-0110,hank817@company.com,2024-04-21 00:00:00,11.75,6,cancelled,Food
ORD-000843,CUST-0040,bob273@yahoo.com,2024-08-08 00:00:00,12.28,2,returned,Clothing
ORD-000844,CUST-0086,bob154@outlook.com,2024-03-03 00:00:00,12.91,16,shipped,Home
ORD-000845,CUST-0106,frank741@company.com,2024-04-11 00:00:00,87.04,2,completed,Electronics
ORD-000846,CUST-0125,frank671@yahoo.com,2024-12-08 00:00:00,11.03,2,cancelled,Sports
ORD-000347,CUST-0105,diana61@outlook.com,2024-02-23 00:00:00,28.91,8,returned,Food
ORD-000848,CUST-0072,alice874@gmail.com,2024-07-01 00:00:00,31.32,7,pending,Sports
ORD-000849,CUST-0192,alice543@yahoo.com,2024-04-06 00:00:00,17.24,12,shipped,Electronics
ORD-000850,CUST-0103,frank33@outlook.com,2024-08-06 00:00:00,57.36,18,pending,Books
ORD-000851,CUST-0161,hank25@yahoo.com,2024-04-17 00:00:00,15.29,5,shipped,Electronics
ORD-000852,CUST-0147,charlie388@company.com,2024-10-13 00:00:00,45.94,16,completed,Electronics
ORD-000853,CUST-0112,frank311@yahoo.com,2024-03-20 00:00:00,5.34,10,returned,Home
ORD-000854,CUST-0177,grace230@company.com,2024-03-30 00:00:00,28.33,1,completed,Clothing
ORD-000855,CUST-0026,frank301@outlook.com,2024-07-26 00:00:00,135.24,4,pending,Sports
ORD-000856,CUST-0184,eve250@outlook.com,2024-03-28 00:00:00,25.46,1,returned,Clothing
ORD-000857,CUST-0170,invalid-email-857,2024-11-14 00:00:00,216.34,17,completed,Books
ORD-000858,CUST-0101,frank989@gmail.com,2024-03-04 00:00:00,21.19,17,completed,Sports
ORD-000859,CUST-0146,grace252@company.com,2024-03-05 00:00:00,12.95,13,completed,Clothing
ORD-000860,CUST-0104,alice355@outlook.com,2024-10-13 00:00:00,6.43,7,pending,Books
ORD-000861,CUST-0054,eve308@yahoo.com,2024-09-17 00:00:00,8.15,18,completed,Food
ORD-000862,CUST-0160,invalid-email-862,2024-03-28 00:00:00,91.14,11,cancelled,Home
ORD-000863,CUST-0049,charlie198@outlook.com,2024-11-13 00:00:00,5.34,15,shipped,Books
ORD-000864,CUST-0063,charlie554@yahoo.com,2024-06-10 00:00:00,31.18,10,cancelled,Clothing
ORD-000865,CUST-0104,alice57@gmail.com,2024-04-07 00:00:00,68.59,1,pending,Electronics
ORD-000866,CUST-0167,diana529@gmail.com,2024-07-01 00:00:00,14.34,19,pending,Sports
ORD-000867,CUST-0077,hank533@company.com,2024-10-12 00:00:00,7.81,10,completed,Home
ORD-000868,CUST-0099,grace175@yahoo.com,2024-06-06 00:00:00,42.17,5,returned,Clothing
ORD-000869,CUST-0009,grace773@yahoo.com,2024-12-10 00:00:00,144.33,14,cancelled,Food
ORD-000870,CUST-0024,grace187@outlook.com,2024-03-21 00:00:00,167.43,2,pending,Home
ORD-000871,CUST-0012,alice532@yahoo.com,2024-06-22 00:00:00,118.81,8,shipped,Books
ORD-000872,CUST-0015,diana836@company.com,2026-11-02 13:41:07,8.1,16,pending,Clothing
ORD-000873,CUST-0173,hank508@outlook.com,2024-05-05 00:00:00,8.77,14,cancelled,Electronics
ORD-000471,CUST-0168,frank698@yahoo.com,2024-08-13 00:00:00,84.29,9,shipped,Electronics
ORD-000875,CUST-0164,hank613@company.com,2024-06-20 00:00:00,144.5,11,shipped,Food
ORD-000876,CUST-0012,frank101@company.com,2024-10-28 00:00:00,43.3,4,completed,Electronics
ORD-000877,CUST-0016,hank89@yahoo.com,2024-05-18 00:00:00,22.98,3,returned,Electronics
ORD-000878,CUST-0056,diana674@company.com,2024-10-31 00:00:00,70.11,15,shipped,Sports
ORD-000879,CUST-0113,eve219@yahoo.com,2024-04-12 00:00:00,58.99,11,completed,Food
ORD-000880,CUST-0067,eve886@company.com,2024-08-16 00:00:00,86.27,4,returned,Home
ORD-000881,CUST-0098,diana554@outlook.com,2024-10-22 00:00:00,18.42,18,completed,Clothing
ORD-000882,CUST-0035,frank514@outlook.com,2024-11-10 00:00:00,90.11,16,pending,Electronics
ORD-000883,CUST-0146,frank93@company.com,2024-01-07 00:00:00,92.61,567,pending,Sports
ORD-000884,CUST-0063,eve637@gmail.com,2024-08-29 00:00:00,112.58,9,returned,Electronics
ORD-000885,CUST-0014,grace713@outlook.com,2024-02-20 00:00:00,23.41,9,completed,Food
ORD-000886,CUST-0148,frank539@yahoo.com,2024-04-06 00:00:00,54.59,2,cancelled,Food
ORD-000887,CUST-0180,eve459@gmail.com,2024-10-06 00:00:00,65.74,5,completed,Electronics
ORD-000888,CUST-0003,eve739@gmail.com,2024-12-10 00:00:00,173.96,14,cancelled,Books
ORD-000889,CUST-0087,frank849@outlook.com,2024-01-20 00:00:00,142.06,16,shipped,Food
ORD-000890,CUST-0165,eve353@outlook.com,2024-06-09 00:00:00,18.08,14,shipped,Clothing
ORD-000855,CUST-0141,diana608@yahoo.com,2024-02-27 00:00:00,40.13,1,shipped,Home
ORD-000892,CUST-0171,eve62@company.com,2024-06-22 00:00:00,12.65,8,completed,Books
ORD-000893,CUST-0083,charlie571@gmail.com,2024-04-30 00:00:00,26.59,8,returned,Books
ORD-000894,CUST-0075,diana730@yahoo.com,2024-09-20 00:00:00,35.27,11,cancelled,Home
ORD-000895,CUST-0142,,2024-05-15 00:00:00,42.69,5,completed,Electronics
ORD-000896,CUST-0031,diana693@gmail.com,2024-07-25 00:00:00,140.48,2,shipped,Electronics
ORD-000897,CUST-0048,bob766@outlook.com,2024-01-01 00:00:00,200.08,12,pending,Clothing
ORD-000898,CUST-0120,frank596@outlook.com,2024-12-23 00:00:00,89.03,10,shipped,Electronics
ORD-000899,CUST-0134,bob609@yahoo.com,2024-05-16 00:00:00,25.77,14,returned,Books
ORD-000900,CUST-0024,alice54@yahoo.com,2024-08-24 00:00:00,81.49,7,shipped,Books
ORD-000901,CUST-0102,grace245@outlook.com,2024-05-14 00:00:00,9.84,13,returned,Food
ORD-000574,CUST-0073,hank220@yahoo.com,2024-06-01 00:00:00,8.96,15,pending,Books
ORD-000903,CUST-0100,eve546@company.com,2024-04-26 00:00:00,96.89,1,cancelled,Home
ORD-000904,CUST-0191,eve462@gmail.com,2024-06-22 00:00:00,12.64,7,shipped,Food
ORD-000905,CUST-0016,bob494@yahoo.com,2024-11-12 00:00:00,91.18,1,returned,Electronics
ORD-000906,CUST-0199,alice270@yahoo.com,2024-11-04 00:00:00,36.92,18,cancelled,Electronics
ORD-000907,CUST-0090,grace543@yahoo.com,2024-01-21 00:00:00,14.74,15,pending,Electronics
ORD-000908,CUST-0154,alice438@outlook.com,2024-01-31 00:00:00,44.73,19,returned,Electronics
ORD-000909,CUST-0085,hank587@yahoo.com,2024-01-12 00:00:00,11.41,16,pending,Clothing
ORD-000910,CUST-0062,eve65@gmail.com,2024-04-16 00:00:00,111.42,8,pending,Food
ORD-000911,CUST-0154,alice312@company.com,2024-08-16 00:00:00,72.83,8,completed,Food
ORD-000912,CUST-0137,bob814@company.com,2024-04-28 00:00:00,39.16,9,cancelled,Clothing
ORD-000913,CUST-0029,eve956@outlook.com,2024-08-21 00:00:00,60.31,6,completed,Books
ORD-000914,CUST-0141,hank431@yahoo.com,2024-12-22 00:00:00,212.34,11,pending,Books
ORD-000915,CUST-0150,hank215@company.com,2024-09-30 00:00:00,17.74,10,returned,Home
ORD-000916,CUST-0078,diana318@gmail.com,2024-01-26 00:00:00,6.68,4,shipped,Sports
ORD-000917,CUST-0185,frank651@yahoo.com,2024-01-12 00:00:00,137.31,15,completed,Books
ORD-000918,CUST-0128,hank556@company.com,2024-11-29 00:00:00,17.67,8,shipped,Food
ORD-000919,CUST-0067,charlie17@gmail.com,2024-03-06 00:00:00,6.47,6,completed,Electronics
ORD-000920,CUST-0003,frank21@company.com,2024-01-15 00:00:00,53.54,3,cancelled,Books
ORD-000921,CUST-0135,,2024-06-05 00:00:00,64.31,1,shipped,Books
ORD-000922,CUST-0042,grace401@outlook.com,2024-04-17 00:00:00,35.26,6,completed,Clothing
ORD-000923,CUST-0151,frank315@gmail.com,2024-06-18 00:00:00,30.22,15,pending,Electronics
ORD-000924,CUST-0105,,2024-09-22 00:00:00,14.86,13,returned,Home
ORD-000925,CUST-0093,charlie492@yahoo.com,2024-11-14 00:00:00,53.06,15,pending,Home
ORD-000926,CUST-0033,hank940@company.com,2026-10-18 13:41:07,55.43,11,cancelled,Home
ORD-000927,CUST-0142,diana569@gmail.com,2024-10-16 00:00:00,6.86,13,cancelled,Books
ORD-000928,CUST-0034,eve617@outlook.com,2024-09-14 00:00:00,75.39,11,completed,Home
ORD-000929,CUST-0084,diana403@outlook.com,2024-11-11 00:00:00,71.87,14,pending,Food
ORD-000930,CUST-0167,eve204@company.com,2024-09-11 00:00:00,10.21,19,shipped,Home
ORD-000931,CUST-0184,eve307@gmail.com,2024-11-05 00:00:00,93.13,11,completed,Home
ORD-000932,CUST-0197,eve149@company.com,2024-09-06 00:00:00,91.71,13,completed,Food
ORD-000933,CUST-0191,diana592@gmail.com,2024-03-20 00:00:00,96.33,17,pending,Clothing
ORD-000934,CUST-0111,bob58@outlook.com,2024-12-21 00:00:00,106.47,3,returned,Electronics
ORD-000935,CUST-0040,eve516@yahoo.com,2024-02-02 00:00:00,29.96,12,cancelled,Clothing
ORD-000936,CUST-0167,grace533@company.com,2024-05-23 00:00:00,83.59,13,shipped,Food
ORD-000937,CUST-0160,bob255@company.com,2024-07-08 00:00:00,17.77,14,cancelled,Food
ORD-000559,CUST-0198,,2024-04-20 00:00:00,203.08,1,completed,Electronics
ORD-000939,CUST-0130,diana872@yahoo.com,2024-06-07 00:00:00,6.74,17,returned,Clothing
ORD-000940,CUST-0029,hank161@yahoo.com,2024-06-26 00:00:00,28.35,12,completed,Electronics
ORD-000941,CUST-0101,hank411@company.com,2024-03-18 00:00:00,54.35,1,returned,Home
ORD-000942,CUST-0090,grace587@outlook.com,2024-10-04 00:00:00,93.61,1,pending,Sports
ORD-000943,CUST-0168,diana912@yahoo.com,2024-08-18 00:00:00,20.46,9,cancelled,Home
ORD-000944,CUST-0079,bob563@outlook.com,2024-01-29 00:00:00,31.07,3,completed,Sports
ORD-000945,CUST-0066,,2024-06-17 00:00:00,227.51,5,returned,Food
ORD-000946,CUST-0016,bob86@gmail.com,2024-05-25 00:00:00,10.98,14,returned,Home
ORD-000947,CUST-0167,diana131@yahoo.com,2024-02-03 00:00:00,23.9,8,completed,Clothing
ORD-000948,CUST-0151,charlie814@company.com,2024-04-15 00:00:00,27.04,15,cancelled,Sports
ORD-000949,CUST-0009,hank538@gmail.com,2024-11-15 00:00:00,46.6,2,pending,Home
ORD-000950,CUST-0087,diana797@outlook.com,2024-05-11 00:00:00,63.31,5,pending,Books
ORD-000951,CUST-0096,bob188@outlook.com,2024-03-19 00:00:00,8.62,7,shipped,Sports
ORD-000952,CUST-0094,alice148@outlook.com,2024-02-20 00:00:00,6.31,7,shipped,Electronics
ORD-000953,CUST-0183,charlie524@outlook.com,2024-01-06 00:00:00,8.63,16,shipped,Food
ORD-000954,CUST-0030,hank12@gmail.com,2024-04-22 00:00:00,38.8,9,cancelled,Food
ORD-000955,CUST-0061,hank910@company.com,2024-02-02 00:00:00,72.25,18,shipped,Clothing
ORD-000956,CUST-0037,alice101@outlook.com,2024-05-29 00:00:00,102.7,5,shipped,Home
ORD-000957,CUST-0049,eve837@gmail.com,2024-06-21 00:00:00,47.81,19,cancelled,Home
ORD-000958,CUST-0181,diana283@gmail.com,2024-02-02 00:00:00,17.6,9,shipped,Electronics
ORD-000959,CUST-0188,alice254@outlook.com,2024-07-07 00:00:00,55.31,11,pending,Home
ORD-000960,CUST-0009,frank128@gmail.com,2024-10-14 00:00:00,47.48,13,completed,Home
ORD-000961,CUST-0126,alice679@gmail.com,2024-07-09 00:00:00,19.48,1,pending,Electronics
ORD-000962,CUST-0047,hank709@gmail.com,2024-08-20 00:00:00,10.31,13,pending,Electronics
ORD-000963,CUST-0039,eve743@outlook.com,2024-06-09 00:00:00,105.91,6,returned,Books
ORD-000964,CUST-0059,charlie100@yahoo.com,2024-10-31 00:00:00,61.19,17,completed,Food
ORD-000965,CUST-0039,grace962@company.com,2024-06-28 00:00:00,55.34,18,pending,Books
ORD-000796,CUST-0098,grace548@outlook.com,2024-06-23 00:00:00,43.14,12,completed,Electronics
ORD-000967,CUST-0199,grace140@outlook.com,2024-05-14 00:00:00,120.8,17,pending,Food
ORD-000968,CUST-0117,bob309@yahoo.com,2024-08-08 00:00:00,80.2,2,cancelled,Food
ORD-000969,CUST-0144,frank133@gmail.com,2024-09-17 00:00:00,-63.73,6,cancelled,Sports
ORD-000970,CUST-0099,charlie210@outlook.com,2024-09-03 00:00:00,18.89,2,shipped,Food
ORD-000971,CUST-0003,charlie467@yahoo.com,2024-01-26 00:00:00,97.18,6,cancelled,Sports
ORD-000972,CUST-0017,alice245@gmail.com,2024-04-27 00:00:00,57.78,13,completed,Food
ORD-000973,CUST-0054,eve534@outlook.com,2024-03-11 00:00:00,43.9,13,returned,Sports
ORD-000974,CUST-0049,grace111@outlook.com,2024-09-27 00:00:00,8.26,3,shipped,Clothing
ORD-000975,CUST-0168,diana488@yahoo.com,2024-06-06 00:00:00,10.28,13,pending,Food
ORD-000976,CUST-0168,hank761@company.com,2024-09-08 00:00:00,25.45,679,cancelled,Books
ORD-000977,CUST-0170,charlie249@company.com,2024-10-16 00:00:00,147.68,18,shipped,Sports
ORD-000978,CUST-0127,diana92@gmail.com,2024-06-19 00:00:00,42.26,19,cancelled,Sports
ORD-000979,CUST-0111,alice592@outlook.com,2024-11-23 00:00:00,5.5,14,shipped,Food
ORD-000980,CUST-0130,alice474@yahoo.com,2024-03-16 00:00:00,167.42,1,completed,Food
ORD-000981,CUST-0081,diana849@gmail.com,2024-07-18 00:00:00,7.51,13,completed,Sports
ORD-000079,CUST-0134,bob858@gmail.com,2024-04-07 00:00:00,58.7,17,pending,Electronics
ORD-000983,CUST-0159,hank372@gmail.com,2024-09-26 00:00:00,10.59,8,shipped,Home
ORD-000984,CUST-0152,diana254@gmail.com,2024-06-03 00:00:00,40.71,11,returned,Food
ORD-000985,CUST-0123,grace910@outlook.com,2024-05-20 00:00:00,79.62,12,completed,Food
ORD-000986,CUST-0012,diana5@yahoo.com,2024-02-18 00:00:00,10.49,19,pending,Clothing
ORD-000987,CUST-0145,alice672@yahoo.com,2024-10-27 00:00:00,60.4,1,shipped,Home
ORD-000988,CUST-0073,eve764@yahoo.com,2024-08-06 00:00:00,116.15,8,pending,Books
ORD-000989,CUST-0148,frank314@company.com,2024-03-13 00:00:00,-9.66,1,completed,Food
ORD-000990,CUST-0108,diana642@company.com,2024-07-22 00:00:00,35.17,16,pending,Food
ORD-000991,CUST-0176,charlie824@yahoo.com,2024-12-25 00:00:00,49.14,13,shipped,Food
ORD-000992,CUST-0068,grace648@company.com,2024-07-08 00:00:00,8.42,6,cancelled,Home
ORD-000993,CUST-0186,eve198@gmail.com,2024-07-28 00:00:00,11.85,8,INVALID_STATUS,Clothing
ORD-000994,CUST-0169,charlie152@outlook.com,2024-09-23 00:00:00,194.2,12,completed,Sports
ORD-000995,CUST-0066,hank139@gmail.com,2024-07-12 00:00:00,12.75,1,shipped,Sports
ORD-000996,CUST-0097,frank244@outlook.com,2024-06-12 00:00:00,69.6,10,shipped,Electronics
ORD-000997,CUST-0106,frank650@outlook.com,2024-09-05 00:00:00,33.55,1,pending,Electronics
ORD-000998,CUST-0153,invalid-email-998,2024-12-25 00:00:00,84.37,19,completed,Food
ORD-000999,CUST-0138,eve70@outlook.com,2024-10-16 00:00:00,23.05,8,cancelled,Clothing
